label_date,stock_code,ts_code,stock_name,return_y,abs_return_y,listing_date,delist_date,calendar_days_since_listing,calendar_days_to_listing,market_type,exchange,listing_status,daily_member,has_local_daily_history,has_base_or_future_daily_record,first_record_date,base_or_next_record_date,base_or_next_close,base_or_next_pct_change,event_date,event_stock_code,event_open,event_high,event_low,event_close,event_prev_close,previous_actual_close,reference_vs_previous_actual_ret,event_raw_pct_change,event_raw_close_ret,event_abs_raw_pct_change,event_volume,event_amount,event_turnover,prev_event_date,next_event_date,event_gap_before_market_days,event_gap_after_market_days,trading_days_since_first_record,event_is_first_record,raw_cum_from_base_or_next_to_event,event_raw_pct_captures_label,event_window,primary_cause,severity,cause_explanation
2024-09-27,301618,301618.SZ,长联科技,5.07846748940873,5.07846748940873,2024-09-30,,,3.0,创业板,SZSE,上市,301618.SZ.csv,True,True,2024-09-30,2024-09-30,381.0,1703.9773,2024-10-09,301618.SZ,400.0,428.0,245.51,255.0,505.55,505.55,0.0,-49.5599,-0.49559885273464543,49.5599,83725.79,2753246.063,51.9713,2024-10-08,2024-10-10,0,0,2,False,-0.3307086614173228,False,10,new_listing_label_shift,Medium,new_listing_first_days; label_shifted_before_listing_event; single_day_raw_price_jump_20_to_50pct; nearest/event trading date 2024-10-09 differs from label date 2024-09-27
2024-06-04,600766,600766.SH,退市园城(退),1.769230769230769,1.769230769230769,1996-10-28,2024-07-03,10081.0,,主板,SSE,退市,600766.SH.csv,True,True,1996-10-28,2024-06-05,0.35,-96.4431,2024-06-05,600766.SH,0.23,0.72,0.13,0.35,9.84,9.84,0.0,-96.4431,-0.9644308943089431,96.4431,434145.06,15016.204,19.3874,2024-04-29,2024-06-06,23,0,6291,False,0.0,False,10,delisting_or_resumption_extreme_trade,High,delisting_period_or_pre_delisting_trade; resumption_after_long_suspension; single_day_raw_price_jump_over_50pct; nearest/event trading date 2024-06-05 differs from label date 2024-06-04
2025-11-20,920091,920091.BJ,大鹏工业,1.203548085901027,1.203548085901027,2025-11-21,,,1.0,北交所,BSE,上市,920091.BJ.csv,True,True,2025-11-21,2025-11-21,118.0,1211.1111,2025-11-24,920091.BJ,82.6,82.6,82.6,82.6,118.0,118.0,0.0,-30.0,-0.30000000000000004,30.0,3010.54,24867.06,2.2151,2025-11-21,2025-11-25,0,0,1,False,-0.30000000000000004,False,10,new_listing_label_shift,Medium,new_listing_first_days; label_shifted_before_listing_event; single_day_raw_price_jump_20_to_50pct; nearest/event trading date 2025-11-24 differs from label date 2025-11-20
2021-01-28,300937,300937.SZ,药易购,1.0330812854442342,1.0330812854442342,2021-01-27,,1.0,,创业板,SZSE,上市,300937.SZ.csv,True,True,2021-01-27,2021-01-28,48.0,20.1803,2021-01-29,300937.SZ,48.8,150.0,45.33,91.0,48.0,48.0,0.0,89.5833,0.8958333333333333,89.5833,170519.19,1107195.747,75.0644,2021-01-28,2021-02-01,0,0,2,False,0.8958333333333333,False,10,new_listing_first_days,Medium,new_listing_first_days; single_day_raw_price_jump_over_50pct; nearest/event trading date 2021-01-29 differs from label date 2021-01-28
2016-09-20,002695,002695.SZ,煌上煌,-0.7709938244094986,0.7709938244094986,2012-09-05,,1476.0,,主板,SZSE,上市,002695.SZ.csv,True,True,2012-09-05,2016-09-20,78.61,-0.47,2016-09-22,002695.SZ,18.33,20.4,17.81,19.25,18.63,74.66,-0.7504687918564157,3.33,-0.7421644789713366,3.33,670338.99,1307160.8713,14.784,2016-09-21,2016-09-23,0,0,974,False,-0.755120213713268,True,10,corporate_action_unadjusted_price_discontinuity,High,unadjusted_price_discontinuity_ex_rights_or_corporate_action; label_matches_local_raw_move; nearest/event trading date 2016-09-22 differs from label date 2016-09-20
2016-05-26,300083,300083.SZ,创世纪,-0.7665887167494887,0.7665887167494887,2010-05-20,,2198.0,,创业板,SZSE,上市,300083.SZ.csv,True,True,2010-05-20,2016-05-26,34.0,-1.19,2016-05-30,300083.SZ,8.0,9.08,7.82,8.34,8.25,32.99,-0.7499242194604425,1.09,-0.7471961200363747,1.09,702781.62,604624.7899,7.7182,2016-05-27,2016-05-31,0,0,1350,False,-0.7547058823529411,True,10,corporate_action_unadjusted_price_discontinuity,High,unadjusted_price_discontinuity_ex_rights_or_corporate_action; label_matches_local_raw_move; nearest/event trading date 2016-05-30 differs from label date 2016-05-26
2016-09-23,300292,300292.SZ,吴通控股,-0.759236145781328,0.759236145781328,2012-02-29,,1668.0,,创业板,SZSE,上市,300292.SZ.csv,True,True,2012-02-29,2016-09-23,39.49,-4.96,2016-09-27,300292.SZ,9.51,9.7,9.03,9.33,9.65,38.58,-0.7498703991705546,-3.32,-0.7581648522550544,3.32,521737.32,484801.1512,8.9642,2016-09-26,2016-09-28,0,0,782,False,-0.7637376551025576,True,10,corporate_action_unadjusted_price_discontinuity,High,unadjusted_price_discontinuity_ex_rights_or_corporate_action; label_matches_local_raw_move; nearest/event trading date 2016-09-27 differs from label date 2016-09-23
2016-09-26,002610,002610.SZ,ST爱康(退),-0.757651467832605,0.757651467832605,2011-08-15,2024-08-12,1869.0,,主板,SZSE,退市,002610.SZ.csv,True,True,2011-08-15,2016-09-26,15.99,-1.48,2016-09-28,002610.SZ,3.8,4.22,3.76,3.97,3.84,15.37,-0.7501626545217956,3.39,-0.7417046193884189,3.39,2060604.76,834625.7119,7.3709,2016-09-27,2016-09-29,0,0,1133,False,-0.7517198248905566,True,10,corporate_action_unadjusted_price_discontinuity,High,unadjusted_price_discontinuity_ex_rights_or_corporate_action; label_matches_local_raw_move; nearest/event trading date 2016-09-28 differs from label date 2016-09-26
2016-06-15,300496,300496.SZ,中科创达,-0.7536778075308275,0.7536778075308275,2015-12-10,,188.0,,创业板,SZSE,上市,300496.SZ.csv,True,True,2015-12-10,2016-06-15,297.51,9.24,2016-06-17,300496.SZ,75.5,83.48,73.68,77.96,76.26,298.58,-0.7445910643713578,2.23,-0.7388974479201554,2.23,228875.44,1789981.2961,23.422,2016-06-16,2016-06-20,0,0,126,False,-0.7379583879533461,True,10,corporate_action_unadjusted_price_discontinuity,High,unadjusted_price_discontinuity_ex_rights_or_corporate_action; label_matches_local_raw_move; nearest/event trading date 2016-06-17 differs from label date 2016-06-15
2016-09-23,002256,002256.SZ,兆新股份,-0.7510955302366341,0.7510955302366341,2008-06-25,,3012.0,,主板,SZSE,上市,002256.SZ.csv,True,True,2008-06-25,2016-09-23,28.55,-3.02,2016-09-27,002256.SZ,7.0,7.21,6.6,6.76,7.18,28.72,-0.75,-5.85,-0.7646239554317549,5.85,585623.72,399525.218,4.6725,2016-09-26,2016-09-28,0,0,1822,False,-0.7632224168126095,True,10,corporate_action_unadjusted_price_discontinuity,High,unadjusted_price_discontinuity_ex_rights_or_corporate_action; label_matches_local_raw_move; nearest/event trading date 2016-09-27 differs from label date 2016-09-23
2016-05-10,002634,002634.SZ,*ST棒杰,-0.7496724890829696,0.7496724890829696,2011-12-05,,1618.0,,主板,SZSE,上市,002634.SZ.csv,True,True,2011-12-05,2016-05-10,46.8,-10.0,2016-05-12,002634.SZ,11.3,11.77,11.11,11.5,12.24,44.25,-0.7233898305084745,-6.05,-0.7401129943502824,6.05,284263.58,323551.0651,11.1695,2016-05-11,2016-05-13,0,0,1064,False,-0.7542735042735043,True,10,corporate_action_unadjusted_price_discontinuity,High,unadjusted_price_discontinuity_ex_rights_or_corporate_action; label_matches_local_raw_move; nearest/event trading date 2016-05-12 differs from label date 2016-05-10
2016-08-30,002113,002113.SZ,*ST天润(退),-0.7468752731404601,0.7468752731404601,2007-02-08,2023-08-11,3491.0,,主板,SZSE,退市,002113.SZ.csv,True,True,2007-02-08,2016-08-30,57.21,-3.61,2016-09-01,002113.SZ,14.2,14.68,13.3,13.38,14.52,58.07,-0.7499569485104185,-7.85,-0.7695884277596005,7.85,906400.32,1257784.093,19.1444,2016-08-31,2016-09-02,0,0,2077,False,-0.7661248033560566,True,10,corporate_action_unadjusted_price_discontinuity,High,unadjusted_price_discontinuity_ex_rights_or_corporate_action; label_matches_local_raw_move; nearest/event trading date 2016-09-01 differs from label date 2016-08-30
2016-12-09,600777,600777.SH,*ST新潮,-0.745836985100788,0.745836985100788,1996-11-21,,7323.0,,主板,SSE,上市,600777.SH.csv,True,True,1996-11-21,2016-12-09,16.92,-2.93,2016-12-13,600777.SH,4.21,4.52,4.21,4.52,4.11,15.62,-0.7368758002560819,9.98,-0.7106274007682458,9.98,684269.97,307016.606,10.9409,2016-12-12,2016-12-14,0,0,4494,False,-0.7328605200945627,True,10,corporate_action_unadjusted_price_discontinuity,High,unadjusted_price_discontinuity_ex_rights_or_corporate_action; label_matches_local_raw_move; nearest/event trading date 2016-12-13 differs from label date 2016-12-09
2016-06-06,300343,300343.SZ,ST联创,-0.74245396098943,0.74245396098943,2012-08-01,,1405.0,,创业板,SZSE,上市,300343.SZ.csv,True,True,2012-08-01,2016-06-06,90.93,-2.23,2016-06-08,300343.SZ,24.26,24.3,22.0,22.53,24.21,89.76,-0.7302807486631016,-6.94,-0.7489973262032086,6.94,144130.74,329450.706,7.0427,2016-06-07,2016-06-13,0,0,773,False,-0.7522269877928076,True,10,corporate_action_unadjusted_price_discontinuity,High,unadjusted_price_discontinuity_ex_rights_or_corporate_action; label_matches_local_raw_move; nearest/event trading date 2016-06-08 differs from label date 2016-06-06
2017-04-05,300376,300376.SZ,易事特,-0.7420845456101318,0.7420845456101318,2014-01-27,,1164.0,,创业板,SZSE,上市,300376.SZ.csv,True,True,2014-01-27,2017-04-05,58.24,-0.41,2017-04-07,300376.SZ,14.6,15.3,13.45,13.96,14.94,59.84,-0.7503342245989305,-6.56,-0.7667112299465241,6.56,1363983.39,1949322.964,19.756,2017-04-06,2017-04-10,0,0,758,False,-0.7603021978021978,True,10,corporate_action_unadjusted_price_discontinuity,High,unadjusted_price_discontinuity_ex_rights_or_corporate_action; label_matches_local_raw_move; nearest/event trading date 2017-04-07 differs from label date 2017-04-05
2016-05-25,002466,002466.SZ,天齐锂业,-0.7414526373929852,0.7414526373929852,2010-08-31,,2094.0,,主板,SZSE,上市,002466.SZ.csv,True,True,2010-08-31,2016-05-25,182.0,-6.02,2016-05-27,002466.SZ,47.03,48.54,43.01,43.81,47.71,181.6,-0.7372797356828193,-8.17,-0.7587555066079295,8.17,879821.73,3983509.557,14.0287,2016-05-26,2016-05-30,0,0,1259,False,-0.7592857142857143,True,10,corporate_action_unadjusted_price_discontinuity,High,unadjusted_price_discontinuity_ex_rights_or_corporate_action; label_matches_local_raw_move; nearest/event trading date 2016-05-27 differs from label date 2016-05-25
2017-05-19,300531,300531.SZ,优博讯,-0.7404007881205247,0.7404007881205247,2016-08-09,,283.0,,创业板,SZSE,上市,300531.SZ.csv,True,True,2016-08-09,2017-05-19,104.1,-4.27,2017-05-23,300531.SZ,27.5,30.0,26.18,27.18,27.87,97.7,-0.7147389969293756,-2.48,-0.7218014329580349,2.48,138107.92,391857.056,19.7297,2017-05-22,2017-05-24,0,0,189,False,-0.7389048991354467,True,10,corporate_action_unadjusted_price_discontinuity,High,unadjusted_price_discontinuity_ex_rights_or_corporate_action; label_matches_local_raw_move; nearest/event trading date 2017-05-23 differs from label date 2017-05-19
2016-06-03,000018,000018.SZ,神城A退(退),-0.7401616119215029,0.7401616119215029,1992-06-16,2020-01-07,8753.0,,主板,SZSE,退市,000018.SZ.csv,True,True,1992-06-16,2016-06-03,46.7,-4.79,2016-06-07,000018.SZ,12.36,12.48,11.61,11.86,12.36,46.98,-0.7369093231162196,-4.05,-0.7475521498510005,4.05,394017.22,470181.0346,39.5935,2016-06-06,2016-06-08,0,0,5636,False,-0.7460385438972164,True,10,corporate_action_unadjusted_price_discontinuity,High,unadjusted_price_discontinuity_ex_rights_or_corporate_action; label_matches_local_raw_move; nearest/event trading date 2016-06-07 differs from label date 2016-06-03
2017-06-07,600892,600892.SH,*ST大晟,-0.7378939277478861,0.7378939277478861,1996-03-15,,7754.0,,主板,SSE,上市,600892.SH.csv,True,True,1996-03-15,2017-06-07,63.95,5.08,2017-06-09,600892.SH,16.38,17.33,15.6,15.83,16.02,64.08,-0.75,-1.19,-0.7529650436953808,1.19,109043.53,179290.77,17.3362,2017-06-08,2017-06-12,0,0,4715,False,-0.7524628616106332,True,10,corporate_action_unadjusted_price_discontinuity,High,unadjusted_price_discontinuity_ex_rights_or_corporate_action; label_matches_local_raw_move; nearest/event trading date 2017-06-09 differs from label date 2017-06-07
2016-05-20,300006,300006.SZ,莱美药业,-0.7348247169553953,0.7348247169553953,2009-10-30,,2394.0,,创业板,SZSE,上市,300006.SZ.csv,True,True,2009-10-30,2016-05-20,35.56,3.07,2016-05-24,300006.SZ,9.99,10.0,9.21,9.24,9.97,35.98,-0.7229016120066704,-7.32,-0.7431906614785992,7.32,398065.09,374444.437,7.0759,2016-05-23,2016-05-25,0,0,1461,False,-0.7401574803149606,True,10,corporate_action_unadjusted_price_discontinuity,High,unadjusted_price_discontinuity_ex_rights_or_corporate_action; label_matches_local_raw_move; nearest/event trading date 2016-05-24 differs from label date 2016-05-20
2016-05-27,002496,002496.SZ,*ST辉丰,-0.7343813801551653,0.7343813801551653,2010-11-09,,2026.0,,主板,SZSE,上市,002496.SZ.csv,True,True,2010-11-09,2016-05-27,25.16,-2.14,2016-05-31,002496.SZ,6.5,6.87,6.4,6.74,6.5,24.81,-0.7380088673921805,3.69,-0.7283353486497379,3.69,805447.02,538789.0252,9.2455,2016-05-30,2016-06-01,0,0,1325,False,-0.7321144674085851,True,10,corporate_action_unadjusted_price_discontinuity,High,unadjusted_price_discontinuity_ex_rights_or_corporate_action; label_matches_local_raw_move; nearest/event trading date 2016-05-31 differs from label date 2016-05-27
2016-03-04,000838,000838.SZ,*ST发展,-0.7305439330543932,0.7305439330543932,1997-06-26,,6826.0,,主板,SZSE,上市,000838.SZ.csv,True,True,1997-06-26,2016-03-04,52.5,-9.95,2016-03-08,000838.SZ,15.4,16.38,14.3,15.6,15.89,55.68,-0.7146192528735632,-1.83,-0.7198275862068966,1.83,1051865.31,1628372.4298,16.6041,2016-03-07,2016-03-09,0,0,4343,False,-0.7028571428571428,False,10,corporate_action_unadjusted_price_discontinuity,High,unadjusted_price_discontinuity_ex_rights_or_corporate_action; nearest/event trading date 2016-03-08 differs from label date 2016-03-04
2017-06-09,002131,002131.SZ,利欧股份,-0.7291350531107754,0.7291350531107754,2007-04-27,,3696.0,,主板,SZSE,上市,002131.SZ.csv,True,True,2007-04-27,2017-06-09,13.23,0.99,2017-06-13,002131.SZ,3.53,3.66,3.5,3.6,3.56,12.5,-0.7152000000000001,1.12,-0.712,1.12,616430.66,220192.159,2.0136,2017-06-12,2017-06-14,0,0,2099,False,-0.727891156462585,True,10,corporate_action_unadjusted_price_discontinuity,High,unadjusted_price_discontinuity_ex_rights_or_corporate_action; label_matches_local_raw_move; nearest/event trading date 2017-06-13 differs from label date 2017-06-09
2017-04-05,603636,603636.SH,南威软件,-0.7257673458859942,0.7257673458859942,2014-12-30,,827.0,,主板,SSE,上市,603636.SH.csv,True,True,2014-12-30,2017-04-05,95.65,1.51,2017-04-07,603636.SH,25.4,26.61,24.21,26.61,24.19,96.92,-0.7504127115146513,10.0,-0.7254436648782501,10.0,191885.08,499010.578,45.0479,2017-04-06,2017-04-10,0,0,547,False,-0.7217982226868793,True,10,corporate_action_unadjusted_price_discontinuity,High,unadjusted_price_discontinuity_ex_rights_or_corporate_action; label_matches_local_raw_move; nearest/event trading date 2017-04-07 differs from label date 2017-04-05
2017-03-01,300304,300304.SZ,云意电气,-0.7244159946795244,0.7244159946795244,2012-03-21,,1806.0,,创业板,SZSE,上市,300304.SZ.csv,True,True,2012-03-21,2017-03-01,60.02,3.22,2017-03-03,300304.SZ,15.13,17.07,15.13,17.07,15.52,59.08,-0.7373053486797563,9.99,-0.7110697359512526,9.99,1075865.09,1772969.991,14.6041,2017-03-02,2017-03-06,0,0,1176,False,-0.7155948017327558,True,10,corporate_action_unadjusted_price_discontinuity,High,unadjusted_price_discontinuity_ex_rights_or_corporate_action; label_matches_local_raw_move; nearest/event trading date 2017-03-03 differs from label date 2017-03-01
2016-04-27,300419,300419.SZ,ST浩丰,-0.7242039087057537,0.7242039087057537,2015-01-22,,461.0,,创业板,SZSE,上市,300419.SZ.csv,True,True,2015-01-22,2016-04-27,182.65,-2.12,2016-04-29,300419.SZ,51.0,51.96,47.47,47.47,52.74,200.92,-0.7375074656579733,-9.99,-0.7637368106709138,9.99,164477.34,811159.2973,20.1508,2016-04-28,2016-05-03,0,0,226,False,-0.7401040240897891,True,10,corporate_action_unadjusted_price_discontinuity,High,unadjusted_price_discontinuity_ex_rights_or_corporate_action; label_matches_local_raw_move; nearest/event trading date 2016-04-29 differs from label date 2016-04-27
2016-07-22,601388,601388.SH,怡球资源,-0.7240099009900988,0.7240099009900988,2012-04-23,,1551.0,,主板,SSE,上市,601388.SH.csv,True,True,2012-04-23,2016-07-22,20.07,-0.99,2016-07-26,601388.SH,5.5,5.83,5.4,5.73,5.3,20.15,-0.7369727047146402,8.11,-0.7156327543424317,8.11,864146.64,488151.483,16.2129,2016-07-25,2016-07-27,0,0,883,False,-0.7144992526158445,True,10,corporate_action_unadjusted_price_discontinuity,High,unadjusted_price_discontinuity_ex_rights_or_corporate_action; label_matches_local_raw_move; nearest/event trading date 2016-07-26 differs from label date 2016-07-22
2016-09-26,601222,601222.SH,林洋能源,-0.7160900604063706,0.7160900604063706,2011-08-08,,1876.0,,主板,SSE,上市,601222.SH.csv,True,True,2011-08-08,2016-09-26,36.37,-1.25,2016-09-28,601222.SH,10.17,10.38,9.86,9.95,10.11,35.6,-0.7160112359550562,-1.58,-0.7205056179775281,1.58,106044.14,107414.757,2.6081,2016-09-27,2016-09-29,0,0,1232,False,-0.7264228759967006,True,10,corporate_action_unadjusted_price_discontinuity,High,unadjusted_price_discontinuity_ex_rights_or_corporate_action; label_matches_local_raw_move; nearest/event trading date 2016-09-28 differs from label date 2016-09-26
2016-10-20,002141,002141.SZ,贤丰控股,-0.7120026092628832,0.7120026092628832,2007-07-20,,3380.0,,主板,SZSE,上市,002141.SZ.csv,True,True,2007-07-20,2016-10-20,31.49,1.91,2016-10-24,002141.SZ,9.0,9.57,8.6,9.15,8.94,31.28,-0.7141943734015346,2.35,-0.7074808184143222,2.35,881013.31,808422.9744,13.8392,2016-10-21,2016-10-25,0,0,2163,False,-0.7094315655763734,True,10,corporate_action_unadjusted_price_discontinuity,High,unadjusted_price_discontinuity_ex_rights_or_corporate_action; label_matches_local_raw_move; nearest/event trading date 2016-10-24 differs from label date 2016-10-20
2016-04-25,002601,002601.SZ,龙佰集团,-0.710276679841897,0.710276679841897,2011-07-15,,1746.0,,主板,SZSE,上市,002601.SZ.csv,True,True,2011-07-15,2016-04-25,51.4,1.98,2016-04-27,002601.SZ,14.5,14.78,13.63,13.74,14.46,50.97,-0.7163037080635668,-4.98,-0.7304296645085344,4.98,529467.87,742769.3427,9.1806,2016-04-26,2016-04-28,0,0,1095,False,-0.7326848249027238,False,10,corporate_action_unadjusted_price_discontinuity,High,unadjusted_price_discontinuity_ex_rights_or_corporate_action; nearest/event trading date 2016-04-27 differs from label date 2016-04-25
2016-05-16,300427,300427.SZ,红相股份,-0.7091683762032512,0.7091683762032512,2015-02-17,,454.0,,创业板,SZSE,上市,300427.SZ.csv,True,True,2015-02-17,2016-05-16,61.05,3.54,2016-05-18,300427.SZ,18.71,19.17,17.75,17.75,19.72,63.28,-0.6883691529709228,-9.99,-0.7195006321112516,9.99,90720.56,163219.7826,10.2996,2016-05-17,2016-05-19,0,0,240,False,-0.7092547092547092,True,10,corporate_action_unadjusted_price_discontinuity,High,unadjusted_price_discontinuity_ex_rights_or_corporate_action; label_matches_local_raw_move; nearest/event trading date 2016-05-18 differs from label date 2016-05-16
2016-05-05,002560,002560.SZ,通达股份,-0.7057047341744853,0.7057047341744853,2011-03-03,,1890.0,,主板,SZSE,上市,002560.SZ.csv,True,True,2011-03-03,2016-05-05,46.64,10.0,2016-05-09,002560.SZ,13.76,13.9,12.82,12.82,14.24,42.73,-0.6667446758717528,-9.97,-0.6999765972384742,9.97,225099.78,294937.5923,8.4854,2016-05-06,2016-05-10,0,0,1134,False,-0.7251286449399656,True,10,corporate_action_unadjusted_price_discontinuity,High,unadjusted_price_discontinuity_ex_rights_or_corporate_action; label_matches_local_raw_move; nearest/event trading date 2016-05-09 differs from label date 2016-05-05
2017-05-31,300502,300502.SZ,新易盛,-0.7041336018003088,0.7041336018003088,2016-03-03,,454.0,,创业板,SZSE,上市,300502.SZ.csv,True,True,2016-03-03,2017-05-31,87.38,1.96,2017-06-02,300502.SZ,25.0,25.99,23.75,25.51,26.13,78.74,-0.6681483362966726,-2.37,-0.6760223520447041,2.37,37046.83,92110.523,2.9833,2017-06-01,2017-06-05,0,0,302,False,-0.7080567635614556,True,10,corporate_action_unadjusted_price_discontinuity,High,unadjusted_price_discontinuity_ex_rights_or_corporate_action; label_matches_local_raw_move; nearest/event trading date 2017-06-02 differs from label date 2017-05-31
2017-03-20,300398,300398.SZ,飞凯材料,-0.7001949707543867,0.7001949707543867,2014-10-09,,893.0,,创业板,SZSE,上市,300398.SZ.csv,True,True,2014-10-09,2017-03-20,99.95,2.07,2017-03-22,300398.SZ,29.05,30.68,27.74,29.69,28.83,101.0,-0.7145544554455445,2.98,-0.706039603960396,2.98,436241.04,1272400.063,27.7406,2017-03-21,2017-03-23,0,0,509,False,-0.702951475737869,True,10,corporate_action_unadjusted_price_discontinuity,High,unadjusted_price_discontinuity_ex_rights_or_corporate_action; label_matches_local_raw_move; nearest/event trading date 2017-03-22 differs from label date 2017-03-20
2016-05-17,002418,002418.SZ,康盛股份,-0.6967385084875075,0.6967385084875075,2010-06-01,,2177.0,,主板,SZSE,上市,002418.SZ.csv,True,True,2010-06-01,2016-05-17,27.09,-2.83,2016-05-19,002418.SZ,8.1,8.35,7.8,7.82,8.25,24.84,-0.6678743961352658,-5.21,-0.6851851851851851,5.21,207565.69,167197.6171,3.7493,2016-05-18,2016-05-20,0,0,1309,False,-0.7113325950535252,True,10,corporate_action_unadjusted_price_discontinuity,High,unadjusted_price_discontinuity_ex_rights_or_corporate_action; label_matches_local_raw_move; nearest/event trading date 2016-05-19 differs from label date 2016-05-17
2016-05-09,002153,002153.SZ,石基信息,-0.6914710615393153,0.6914710615393153,2007-08-13,,3192.0,,主板,SZSE,上市,002153.SZ.csv,True,True,2007-08-13,2016-05-09,89.6,0.67,2016-05-11,002153.SZ,28.3,28.8,25.36,25.36,28.18,84.65,-0.6670998227997638,-10.01,-0.7004134672179563,10.01,192944.41,502005.1041,3.9444,2016-05-10,2016-05-12,0,0,2010,False,-0.7169642857142857,False,10,corporate_action_unadjusted_price_discontinuity,High,unadjusted_price_discontinuity_ex_rights_or_corporate_action; nearest/event trading date 2016-05-11 differs from label date 2016-05-09
2016-02-26,002654,002654.SZ,万润科技,-0.6905620854183637,0.6905620854183637,2012-02-17,,1470.0,,主板,SZSE,上市,002654.SZ.csv,True,True,2012-02-17,2016-02-26,44.25,-9.79,2016-03-01,002654.SZ,13.66,15.09,12.76,15.09,13.72,41.22,-0.6671518680252304,9.99,-0.6339155749636098,9.99,739736.04,1039082.6165,19.4036,2016-02-29,2016-03-02,0,0,853,False,-0.6589830508474577,False,10,corporate_action_unadjusted_price_discontinuity,High,unadjusted_price_discontinuity_ex_rights_or_corporate_action; nearest/event trading date 2016-03-01 differs from label date 2016-02-26
2016-10-24,300465,300465.SZ,高伟达,-0.6896646132785766,0.6896646132785766,2015-05-28,,515.0,,创业板,SZSE,上市,300465.SZ.csv,True,True,2015-05-28,2016-10-24,73.75,5.77,2016-10-26,300465.SZ,22.38,25.23,22.12,23.6,22.94,73.4,-0.6874659400544959,2.88,-0.6784741144414169,2.88,705948.48,1701475.1631,27.6089,2016-10-25,2016-10-27,0,0,274,False,-0.6799999999999999,True,10,corporate_action_unadjusted_price_discontinuity,High,unadjusted_price_discontinuity_ex_rights_or_corporate_action; label_matches_local_raw_move; nearest/event trading date 2016-10-26 differs from label date 2016-10-24
2016-04-07,002740,002740.SZ,*ST爱迪(退),-0.686591390261115,0.686591390261115,2015-01-22,2024-03-04,441.0,,主板,SZSE,退市,002740.SZ.csv,True,True,2015-01-22,2016-04-07,73.8,8.64,2016-04-11,002740.SZ,22.6,23.27,21.0,22.4,22.16,66.58,-0.6671673175127666,1.08,-0.6635626314208471,1.08,368833.95,817285.8298,28.5632,2016-04-08,2016-04-12,0,0,260,False,-0.6964769647696477,True,10,corporate_action_unadjusted_price_discontinuity,High,unadjusted_price_discontinuity_ex_rights_or_corporate_action; label_matches_local_raw_move; nearest/event trading date 2016-04-11 differs from label date 2016-04-07
2016-04-26,002661,002661.SZ,克明食品,-0.6862462970799832,0.6862462970799832,2012-03-16,,1502.0,,主板,SZSE,上市,002661.SZ.csv,True,True,2012-03-16,2016-04-26,59.52,-1.78,2016-04-28,002661.SZ,18.9,18.9,17.8,18.45,19.08,57.75,-0.6696103896103897,-3.3,-0.6805194805194805,3.3,70626.85,129208.0752,2.8712,2016-04-27,2016-04-29,0,0,984,False,-0.6900201612903226,True,10,corporate_action_unadjusted_price_discontinuity,High,unadjusted_price_discontinuity_ex_rights_or_corporate_action; label_matches_local_raw_move; nearest/event trading date 2016-04-28 differs from label date 2016-04-26
2016-06-15,300438,300438.SZ,鹏辉能源,-0.6840255483086073,0.6840255483086073,2015-04-24,,418.0,,创业板,SZSE,上市,300438.SZ.csv,True,True,2015-04-24,2016-06-15,139.48,10.0,2016-06-17,300438.SZ,47.0,49.4,44.0,46.0,47.94,144.01,-0.6671064509409068,-4.05,-0.6805777376571072,4.05,256974.78,1206860.5684,20.2743,2016-06-16,2016-06-20,0,0,239,False,-0.670203613421279,True,10,corporate_action_unadjusted_price_discontinuity,High,unadjusted_price_discontinuity_ex_rights_or_corporate_action; label_matches_local_raw_move; nearest/event trading date 2016-06-17 differs from label date 2016-06-15
2016-06-01,002437,002437.SZ,誉衡药业,-0.6828201245162376,0.6828201245162376,2010-06-23,,2170.0,,主板,SZSE,上市,002437.SZ.csv,True,True,2010-06-23,2016-06-01,28.82,3.37,2016-06-03,002437.SZ,9.47,9.61,9.23,9.41,9.62,29.1,-0.6694158075601375,-2.18,-0.6766323024054983,2.18,309270.79,291008.6359,1.4527,2016-06-02,2016-06-06,0,0,1292,False,-0.6734906315058986,True,10,corporate_action_unadjusted_price_discontinuity,High,unadjusted_price_discontinuity_ex_rights_or_corporate_action; label_matches_local_raw_move; nearest/event trading date 2016-06-03 differs from label date 2016-06-01
2016-05-12,300435,300435.SZ,中泰股份,-0.6820083682008367,0.6820083682008367,2015-03-26,,413.0,,创业板,SZSE,上市,300435.SZ.csv,True,True,2015-03-26,2016-05-12,70.77,1.83,2016-05-16,300435.SZ,22.0,22.2,20.68,21.17,22.36,67.28,-0.6676575505350772,-5.32,-0.6853448275862069,5.32,53714.1,113889.1765,6.7093,2016-05-13,2016-05-17,0,0,269,False,-0.7008619471527483,True,10,corporate_action_unadjusted_price_discontinuity,High,unadjusted_price_discontinuity_ex_rights_or_corporate_action; label_matches_local_raw_move; nearest/event trading date 2016-05-16 differs from label date 2016-05-12
2017-04-14,300562,300562.SZ,乐心医疗,-0.6815391879131261,0.6815391879131261,2016-11-16,,149.0,,创业板,SZSE,上市,300562.SZ.csv,True,True,2016-11-16,2017-04-14,113.02,8.3,2017-04-18,300562.SZ,33.52,35.04,29.9,29.9,33.22,106.5,-0.6880751173708921,-9.99,-0.7192488262910799,9.99,102982.97,317281.688,21.7449,2017-04-17,2017-04-19,0,0,101,False,-0.7354450539727482,False,10,corporate_action_unadjusted_price_discontinuity,High,unadjusted_price_discontinuity_ex_rights_or_corporate_action; nearest/event trading date 2017-04-18 differs from label date 2017-04-14
2016-05-09,300187,300187.SZ,永清环保,-0.6811279826464208,0.6811279826464208,2011-03-08,,1889.0,,创业板,SZSE,上市,300187.SZ.csv,True,True,2011-03-08,2016-05-09,47.6,-4.59,2016-05-11,300187.SZ,15.8,15.8,13.97,13.97,15.52,46.6,-0.6669527896995708,-9.99,-0.7002145922746781,9.99,196645.84,281981.5879,3.318,2016-05-10,2016-05-12,0,0,1229,False,-0.7065126050420167,False,10,corporate_action_unadjusted_price_discontinuity,High,unadjusted_price_discontinuity_ex_rights_or_corporate_action; nearest/event trading date 2016-05-11 differs from label date 2016-05-09
2016-08-26,300185,300185.SZ,通裕重工,-0.6795626576955422,0.6795626576955422,2011-03-08,,1998.0,,创业板,SZSE,上市,300185.SZ.csv,True,True,2011-03-08,2016-08-26,11.87,-4.96,2016-08-30,300185.SZ,3.93,3.97,3.6,3.62,3.87,11.72,-0.6697952218430034,-6.46,-0.6911262798634812,6.46,2324672.0,865778.3659,8.5679,2016-08-29,2016-08-31,0,0,1295,False,-0.6950294860994102,True,10,corporate_action_unadjusted_price_discontinuity,High,unadjusted_price_discontinuity_ex_rights_or_corporate_action; label_matches_local_raw_move; nearest/event trading date 2016-08-30 differs from label date 2016-08-26
2017-04-12,002281,002281.SZ,光迅科技,-0.6785298747518995,0.6785298747518995,2009-08-21,,2791.0,,主板,SZSE,上市,002281.SZ.csv,True,True,2009-08-21,2017-04-12,73.0,-1.46,2017-04-14,002281.SZ,23.42,23.8,21.87,21.98,23.85,72.05,-0.6689798750867453,-7.84,-0.6949340735600278,7.84,174571.89,394181.738,2.831,2017-04-13,2017-04-17,0,0,1789,False,-0.6989041095890411,False,10,corporate_action_unadjusted_price_discontinuity,High,unadjusted_price_discontinuity_ex_rights_or_corporate_action; nearest/event trading date 2017-04-14 differs from label date 2017-04-12
2016-10-26,002436,002436.SZ,兴森科技,-0.6780895266652387,0.6780895266652387,2010-06-18,,2322.0,,主板,SZSE,上市,002436.SZ.csv,True,True,2010-06-18,2016-10-26,23.6,0.43,2016-10-28,002436.SZ,7.67,7.86,7.42,7.55,7.64,22.92,-0.6666666666666667,-1.18,-0.6705933682373473,1.18,578905.75,445243.3405,5.9482,2016-10-27,2016-10-31,0,0,1452,False,-0.6800847457627119,True,10,corporate_action_unadjusted_price_discontinuity,High,unadjusted_price_discontinuity_ex_rights_or_corporate_action; label_matches_local_raw_move; nearest/event trading date 2016-10-28 differs from label date 2016-10-26
2016-04-26,300466,300466.SZ,赛摩智能,-0.6780126444855997,0.6780126444855997,2015-05-28,,334.0,,创业板,SZSE,上市,300466.SZ.csv,True,True,2015-05-28,2016-04-26,77.51,5.31,2016-04-28,300466.SZ,24.74,27.42,24.21,27.42,24.93,74.89,-0.6671117639204166,9.99,-0.6338629990652958,9.99,186465.81,502375.3775,31.0776,2016-04-27,2016-04-29,0,0,123,False,-0.6462391949425881,False,10,corporate_action_unadjusted_price_discontinuity,High,unadjusted_price_discontinuity_ex_rights_or_corporate_action; nearest/event trading date 2016-04-28 differs from label date 2016-04-26
2016-08-26,002675,002675.SZ,东诚药业,-0.6775925925925926,0.6775925925925926,2012-05-25,,1554.0,,主板,SZSE,上市,002675.SZ.csv,True,True,2012-05-25,2016-08-26,54.41,-1.93,2016-08-30,002675.SZ,17.8,17.8,16.51,16.6,17.74,53.23,-0.6667292879954912,-6.43,-0.6881457824535036,6.43,352828.79,597904.8732,9.3517,2016-08-29,2016-08-31,0,0,816,False,-0.6949090240764565,True,10,corporate_action_unadjusted_price_discontinuity,High,unadjusted_price_discontinuity_ex_rights_or_corporate_action; label_matches_local_raw_move; nearest/event trading date 2016-08-30 differs from label date 2016-08-26
2016-10-14,300381,300381.SZ,溢多利,-0.6766507828454731,0.6766507828454731,2014-01-28,,990.0,,创业板,SZSE,上市,300381.SZ.csv,True,True,2014-01-28,2016-10-14,72.64,0.22,2016-10-18,300381.SZ,25.25,26.94,23.0,26.02,24.97,75.0,-0.6670666666666667,4.21,-0.6530666666666667,4.21,126970.56,315428.22,13.9029,2016-10-17,2016-10-19,0,0,510,False,-0.641795154185022,False,10,corporate_action_unadjusted_price_discontinuity,High,unadjusted_price_discontinuity_ex_rights_or_corporate_action; nearest/event trading date 2016-10-18 differs from label date 2016-10-14
2016-09-06,002157,002157.SZ,正邦科技,-0.6764018691588782,0.6764018691588782,2007-08-17,,3308.0,,主板,SZSE,上市,002157.SZ.csv,True,True,2007-08-17,2016-09-06,25.96,1.56,2016-09-08,002157.SZ,8.2,8.44,8.15,8.21,8.32,24.96,-0.6666666666666667,-1.32,-0.671073717948718,1.32,405999.66,336137.6515,3.4828,2016-09-07,2016-09-09,0,0,2093,False,-0.6837442218798151,True,10,corporate_action_unadjusted_price_discontinuity,High,unadjusted_price_discontinuity_ex_rights_or_corporate_action; label_matches_local_raw_move; nearest/event trading date 2016-09-08 differs from label date 2016-09-06
2016-06-17,300433,300433.SZ,蓝思科技,-0.676317783309882,0.676317783309882,2015-03-18,,457.0,,创业板,SZSE,上市,300433.SZ.csv,True,True,2015-03-18,2016-06-17,90.97,0.92,2016-06-21,300433.SZ,30.29,30.57,27.8,28.48,30.4,92.2,-0.6702819956616053,-6.32,-0.6911062906724512,6.32,220151.98,641442.808,10.7091,2016-06-20,2016-06-22,0,0,284,False,-0.6869297570627679,True,10,corporate_action_unadjusted_price_discontinuity,High,unadjusted_price_discontinuity_ex_rights_or_corporate_action; label_matches_local_raw_move; nearest/event trading date 2016-06-21 differs from label date 2016-06-17
2017-06-15,300319,300319.SZ,麦捷科技,-0.6759098786828421,0.6759098786828421,2012-05-23,,1849.0,,创业板,SZSE,上市,300319.SZ.csv,True,True,2012-05-23,2017-06-15,32.0,5.96,2017-06-19,300319.SZ,10.5,10.64,10.07,10.24,10.49,31.3,-0.6648562300319489,-2.38,-0.6728434504792332,2.38,101686.61,104431.494,2.3629,2017-06-16,2017-06-20,0,0,998,False,-0.6799999999999999,True,10,corporate_action_unadjusted_price_discontinuity,High,unadjusted_price_discontinuity_ex_rights_or_corporate_action; label_matches_local_raw_move; nearest/event trading date 2017-06-19 differs from label date 2017-06-15
2017-04-21,300017,300017.SZ,网宿科技,-0.6743369734789383,0.6743369734789383,2009-10-30,,2730.0,,创业板,SZSE,上市,300017.SZ.csv,True,True,2009-10-30,2017-04-21,39.07,0.49,2017-04-25,300017.SZ,12.74,12.82,12.15,12.28,12.74,38.4,-0.6682291666666667,-3.61,-0.6802083333333333,3.61,462507.71,573839.897,2.9152,2017-04-24,2017-04-26,0,0,1766,False,-0.6856923470693628,True,10,corporate_action_unadjusted_price_discontinuity,High,unadjusted_price_discontinuity_ex_rights_or_corporate_action; label_matches_local_raw_move; nearest/event trading date 2017-04-25 differs from label date 2017-04-21
2016-06-28,002031,002031.SZ,巨轮智能,-0.6742976066597288,0.6742976066597288,2004-08-16,,4334.0,,主板,SZSE,上市,002031.SZ.csv,True,True,2004-08-16,2016-06-28,14.49,0.98,2016-06-30,002031.SZ,4.66,4.71,4.48,4.52,4.7,14.19,-0.6687808315715292,-3.83,-0.6814658210007047,3.83,881128.17,401685.2261,4.7072,2016-06-29,2016-07-01,0,0,2786,False,-0.6880607315389924,True,10,corporate_action_unadjusted_price_discontinuity,High,unadjusted_price_discontinuity_ex_rights_or_corporate_action; label_matches_local_raw_move; nearest/event trading date 2016-06-30 differs from label date 2016-06-28
2016-05-16,002228,002228.SZ,合兴包装,-0.6737910766764627,0.6737910766764627,2008-05-08,,2930.0,,主板,SZSE,上市,002228.SZ.csv,True,True,2008-05-08,2016-05-16,18.7,4.41,2016-05-18,002228.SZ,6.2,6.26,5.76,5.76,6.4,18.03,-0.6450360510260676,-10.0,-0.680532445923461,10.0,419722.1,247949.1644,4.0409,2016-05-17,2016-05-19,0,0,1795,False,-0.6919786096256684,True,10,corporate_action_unadjusted_price_discontinuity,High,unadjusted_price_discontinuity_ex_rights_or_corporate_action; label_matches_local_raw_move; nearest/event trading date 2016-05-18 differs from label date 2016-05-16
2016-09-02,300459,300459.SZ,汤姆猫,-0.6726069789776966,0.6726069789776966,2015-05-15,,476.0,,创业板,SZSE,上市,300459.SZ.csv,True,True,2015-05-15,2016-09-02,46.77,0.54,2016-09-06,300459.SZ,15.31,15.95,14.92,15.65,15.67,47.0,-0.666595744680851,-0.13,-0.6670212765957446,0.13,673668.85,1034636.6358,17.4941,2016-09-05,2016-09-07,0,0,228,False,-0.66538379302972,True,10,corporate_action_unadjusted_price_discontinuity,High,unadjusted_price_discontinuity_ex_rights_or_corporate_action; label_matches_local_raw_move; nearest/event trading date 2016-09-06 differs from label date 2016-09-02
2017-05-08,300194,300194.SZ,福安药业,-0.6712898751733702,0.6712898751733702,2011-03-22,,2239.0,,创业板,SZSE,上市,300194.SZ.csv,True,True,2011-03-22,2017-05-08,25.18,-3.27,2017-05-10,300194.SZ,8.23,8.32,7.46,7.58,8.23,24.89,-0.6693451185214946,-7.9,-0.6954600241060667,7.9,154878.7,122804.065,3.1044,2017-05-09,2017-05-11,0,0,1293,False,-0.6989674344718031,False,10,corporate_action_unadjusted_price_discontinuity,High,unadjusted_price_discontinuity_ex_rights_or_corporate_action; nearest/event trading date 2017-05-10 differs from label date 2017-05-08
2016-06-22,002477,002477.SZ,雏鹰退(退),-0.6704395893656225,0.6704395893656225,2010-09-15,2019-10-16,2107.0,,主板,SZSE,退市,002477.SZ.csv,True,True,2010-09-15,2016-06-22,19.05,2.47,2016-06-24,002477.SZ,6.2,6.3,5.65,5.92,6.23,18.81,-0.6687931951089845,-4.98,-0.6852737905369484,4.98,1283371.01,768162.5486,6.7496,2016-06-23,2016-06-27,0,0,1294,False,-0.689238845144357,True,10,corporate_action_unadjusted_price_discontinuity,High,unadjusted_price_discontinuity_ex_rights_or_corporate_action; label_matches_local_raw_move; nearest/event trading date 2016-06-24 differs from label date 2016-06-22
2016-05-27,002786,002786.SZ,银宝山新,-0.6698973042362005,0.6698973042362005,2015-12-23,,156.0,,主板,SZSE,上市,002786.SZ.csv,True,True,2015-12-23,2016-05-27,76.96,1.83,2016-05-31,002786.SZ,26.0,28.34,25.38,27.18,25.76,77.39,-0.6671404574234396,5.51,-0.6487918335702287,5.51,457618.34,1234748.8328,47.9986,2016-05-30,2016-06-01,0,0,106,False,-0.6468295218295218,False,10,corporate_action_unadjusted_price_discontinuity,High,unadjusted_price_discontinuity_ex_rights_or_corporate_action; nearest/event trading date 2016-05-31 differs from label date 2016-05-27
2016-05-20,300451,300451.SZ,创业慧康,-0.6696850975753992,0.6696850975753992,2015-05-14,,372.0,,创业板,SZSE,上市,300451.SZ.csv,True,True,2015-05-14,2016-05-20,132.44,10.0,2016-05-24,300451.SZ,45.3,46.5,43.51,44.4,46.52,139.72,-0.6670483824792441,-4.56,-0.6822215860292012,4.56,67259.05,300309.7023,5.764,2016-05-23,2016-05-25,0,0,252,False,-0.6647538508003624,True,10,corporate_action_unadjusted_price_discontinuity,High,unadjusted_price_discontinuity_ex_rights_or_corporate_action; label_matches_local_raw_move; nearest/event trading date 2016-05-24 differs from label date 2016-05-20
2016-05-13,002593,002593.SZ,日上集团,-0.6695100178536005,0.6695100178536005,2011-06-28,,1781.0,,主板,SZSE,上市,002593.SZ.csv,True,True,2011-06-28,2016-05-13,24.78,-2.33,2016-05-17,002593.SZ,8.4,8.4,7.87,8.08,8.32,25.05,-0.6678642714570858,-2.88,-0.6774451097804391,2.88,126344.02,102210.4879,3.2166,2016-05-16,2016-05-18,0,0,1166,False,-0.6739305891848265,True,10,corporate_action_unadjusted_price_discontinuity,High,unadjusted_price_discontinuity_ex_rights_or_corporate_action; label_matches_local_raw_move; nearest/event trading date 2016-05-17 differs from label date 2016-05-13
2016-04-25,002323,002323.SZ,*ST雅博,-0.6693110193436209,0.6693110193436209,2009-12-18,,2320.0,,主板,SZSE,上市,002323.SZ.csv,True,True,2009-12-18,2016-04-25,45.42,-0.87,2016-04-27,002323.SZ,15.4,15.93,14.55,15.0,15.26,45.9,-0.6675381263616558,-1.7,-0.673202614379085,1.7,353921.91,541768.0587,13.5399,2016-04-26,2016-04-28,0,0,1402,False,-0.6697490092470277,True,10,corporate_action_unadjusted_price_discontinuity,High,unadjusted_price_discontinuity_ex_rights_or_corporate_action; label_matches_local_raw_move; nearest/event trading date 2016-04-27 differs from label date 2016-04-25
2017-05-19,002383,002383.SZ,合众思壮,-0.6692821173439515,0.6692821173439515,2010-04-02,,2604.0,,主板,SZSE,上市,002383.SZ.csv,True,True,2010-04-02,2017-05-19,43.4,-2.41,2017-05-23,002383.SZ,14.28,14.41,12.64,12.9,14.04,42.22,-0.6674561819043108,-8.12,-0.6944576030317384,8.12,118372.31,156111.919,3.0641,2017-05-22,2017-05-24,0,0,1511,False,-0.7027649769585254,False,10,corporate_action_unadjusted_price_discontinuity,High,unadjusted_price_discontinuity_ex_rights_or_corporate_action; nearest/event trading date 2017-05-23 differs from label date 2017-05-19
2017-04-26,002596,002596.SZ,海南瑞泽,-0.6680392156862759,0.6680392156862759,2011-07-07,,2120.0,,主板,SZSE,上市,002596.SZ.csv,True,True,2011-07-07,2017-04-26,26.03,-0.61,2017-04-28,002596.SZ,8.66,9.4,8.35,8.91,8.71,26.15,-0.6669216061185468,2.3,-0.6592734225621415,2.3,64991.89,57473.257,1.0196,2017-04-27,2017-05-02,0,0,1257,False,-0.6577026507875529,True,10,corporate_action_unadjusted_price_discontinuity,High,unadjusted_price_discontinuity_ex_rights_or_corporate_action; label_matches_local_raw_move; nearest/event trading date 2017-04-28 differs from label date 2017-04-26
2017-06-01,002649,002649.SZ,博彦科技,-0.6676956320419817,0.6676956320419817,2012-01-06,,1973.0,,主板,SZSE,上市,002649.SZ.csv,True,True,2012-01-06,2017-06-01,32.87,-3.69,2017-06-05,002649.SZ,10.8,11.18,10.67,11.03,10.79,32.54,-0.6684081130915795,2.22,-0.6610325752919484,2.22,61776.05,67719.798,1.4936,2017-06-02,2017-06-06,0,0,1244,False,-0.664435655613021,True,10,corporate_action_unadjusted_price_discontinuity,High,unadjusted_price_discontinuity_ex_rights_or_corporate_action; label_matches_local_raw_move; nearest/event trading date 2017-06-05 differs from label date 2017-06-01
2016-10-14,002421,002421.SZ,达实智能,-0.6675887505763016,0.6675887505763016,2010-06-03,,2325.0,,主板,SZSE,上市,002421.SZ.csv,True,True,2010-06-03,2016-10-14,21.83,-1.04,2016-10-18,002421.SZ,7.18,7.33,6.85,7.29,7.23,21.68,-0.6665129151291513,0.83,-0.6637453874538746,0.83,436557.39,309030.2045,3.1718,2016-10-17,2016-10-19,0,0,1428,False,-0.6660558863948693,True,10,corporate_action_unadjusted_price_discontinuity,High,unadjusted_price_discontinuity_ex_rights_or_corporate_action; label_matches_local_raw_move; nearest/event trading date 2016-10-18 differs from label date 2016-10-14
2016-10-24,300026,300026.SZ,红日药业,-0.6671698113207541,0.6671698113207541,2009-10-30,,2551.0,,创业板,SZSE,上市,300026.SZ.csv,True,True,2009-10-30,2016-10-24,20.05,3.14,2016-10-26,300026.SZ,6.54,6.65,6.38,6.42,6.5,19.5,-0.6666666666666667,-1.23,-0.6707692307692308,1.23,674423.27,440884.6453,3.1318,2016-10-25,2016-10-27,0,0,1577,False,-0.6798004987531172,True,10,corporate_action_unadjusted_price_discontinuity,High,unadjusted_price_discontinuity_ex_rights_or_corporate_action; label_matches_local_raw_move; nearest/event trading date 2016-10-26 differs from label date 2016-10-24
2025-07-25,002594,002594.SZ,比亚迪,-0.6670721576074065,0.6670721576074065,2011-06-30,,5139.0,,主板,SZSE,上市,002594.SZ.csv,True,True,2011-06-30,2025-07-25,337.93,-1.3976,2025-07-29,002594.SZ,112.01,112.5,109.77,111.42,111.01,337.0,-0.670593471810089,0.3693,-0.6693768545994065,0.3693,387359.84,4322742.015,1.1108,2025-07-28,2025-07-30,0,0,3408,False,-0.6702867457757524,True,10,corporate_action_unadjusted_price_discontinuity,High,unadjusted_price_discontinuity_ex_rights_or_corporate_action; label_matches_local_raw_move; nearest/event trading date 2025-07-29 differs from label date 2025-07-25
2017-05-08,300534,300534.SZ,陇神戎发,-0.6661606494620814,0.6661606494620814,2016-09-13,,237.0,,创业板,SZSE,上市,300534.SZ.csv,True,True,2016-09-13,2017-05-08,79.0,-1.46,2017-05-10,300534.SZ,24.7,26.84,24.7,26.84,24.4,85.5,-0.7146198830409357,10.0,-0.6860818713450292,10.0,213774.02,553183.203,28.1856,2017-05-09,2017-05-11,0,0,155,False,-0.660253164556962,True,10,corporate_action_unadjusted_price_discontinuity,High,unadjusted_price_discontinuity_ex_rights_or_corporate_action; label_matches_local_raw_move; nearest/event trading date 2017-05-10 differs from label date 2017-05-08
2016-09-22,300428,300428.SZ,立中集团,-0.6650254481079886,0.6650254481079886,2015-03-19,,553.0,,创业板,SZSE,上市,300428.SZ.csv,True,True,2015-03-19,2016-09-22,90.78,0.2,2016-09-26,300428.SZ,29.19,30.83,28.9,28.9,29.19,87.58,-0.6667047271066453,-0.99,-0.6700159853847911,0.99,101979.19,306674.529,16.3428,2016-09-23,2016-09-27,0,0,273,False,-0.6816479400749064,True,10,corporate_action_unadjusted_price_discontinuity,High,unadjusted_price_discontinuity_ex_rights_or_corporate_action; label_matches_local_raw_move; nearest/event trading date 2016-09-26 differs from label date 2016-09-22
2017-05-09,002668,002668.SZ,TCL智家,-0.663960911025298,0.663960911025298,2012-04-16,,1849.0,,主板,SZSE,上市,002668.SZ.csv,True,True,2012-04-16,2017-05-09,62.76,1.23,2017-05-11,002668.SZ,21.15,22.08,20.02,21.5,22.19,62.38,-0.6442770118627765,-3.11,-0.6553382494389228,3.11,53922.15,114983.232,1.3999,2017-05-10,2017-05-12,0,0,1150,False,-0.6574251115360101,True,10,corporate_action_unadjusted_price_discontinuity,High,unadjusted_price_discontinuity_ex_rights_or_corporate_action; label_matches_local_raw_move; nearest/event trading date 2017-05-11 differs from label date 2017-05-09
2016-05-09,300217,300217.SZ,东方电热,-0.6635614475098529,0.6635614475098529,2011-05-18,,1818.0,,创业板,SZSE,上市,300217.SZ.csv,True,True,2011-05-18,2016-05-09,14.04,-4.1,2016-05-11,300217.SZ,4.76,4.79,4.36,4.47,4.72,13.31,-0.6453794139744553,-5.3,-0.6641622839969947,5.3,423497.47,190611.9798,4.8665,2016-05-10,2016-05-12,0,0,1180,False,-0.6816239316239316,True,10,corporate_action_unadjusted_price_discontinuity,High,unadjusted_price_discontinuity_ex_rights_or_corporate_action; label_matches_local_raw_move; nearest/event trading date 2016-05-11 differs from label date 2016-05-09
2017-06-05,002747,002747.SZ,埃斯顿,-0.6628636622932111,0.6628636622932111,2015-03-20,,808.0,,主板,SZSE,上市,002747.SZ.csv,True,True,2015-03-20,2017-06-05,35.7,4.45,2017-06-07,002747.SZ,11.65,12.61,11.5,12.61,11.46,34.57,-0.6684986982933179,10.03,-0.6352328608620191,10.03,152944.03,188452.533,8.4969,2017-06-06,2017-06-08,0,0,491,False,-0.6467787114845939,True,10,corporate_action_unadjusted_price_discontinuity,High,unadjusted_price_discontinuity_ex_rights_or_corporate_action; label_matches_local_raw_move; nearest/event trading date 2017-06-07 differs from label date 2017-06-05
2017-06-21,603030,603030.SH,全筑股份,-0.6619007569386036,0.6619007569386036,2015-03-20,,824.0,,主板,SSE,上市,603030.SH.csv,True,True,2015-03-20,2017-06-21,29.64,-2.5,2017-06-23,603030.SH,9.68,10.47,9.68,10.01,9.71,29.19,-0.6673518328194588,3.09,-0.657074340527578,3.09,89969.25,90669.128,13.9801,2017-06-22,2017-06-26,0,0,538,False,-0.6622807017543859,True,10,corporate_action_unadjusted_price_discontinuity,High,unadjusted_price_discontinuity_ex_rights_or_corporate_action; label_matches_local_raw_move; nearest/event trading date 2017-06-23 differs from label date 2017-06-21
2016-04-29,300160,300160.SZ,秀强股份,-0.6603563474387529,0.6603563474387529,2011-01-13,,1933.0,,创业板,SZSE,上市,300160.SZ.csv,True,True,2011-01-13,2016-04-29,45.98,3.33,2016-05-04,300160.SZ,15.35,16.8,14.61,15.9,15.31,49.08,-0.6880603096984514,3.85,-0.6760391198044009,3.85,779814.46,1226344.0504,13.2356,2016-05-03,2016-05-05,0,0,1217,False,-0.6541974771639842,True,10,corporate_action_unadjusted_price_discontinuity,High,unadjusted_price_discontinuity_ex_rights_or_corporate_action; label_matches_local_raw_move; nearest/event trading date 2016-05-04 differs from label date 2016-04-29
2016-05-17,603108,603108.SH,润达医疗,-0.6601701562782839,0.6601701562782839,2015-05-27,,356.0,,主板,SSE,上市,603108.SH.csv,True,True,2015-05-27,2016-05-17,83.5,3.99,2016-05-19,603108.SH,27.05,28.51,25.6,26.04,26.49,79.66,-0.667461712277178,-1.7,-0.6731107205623901,1.7,23280.23,63066.332,9.8645,2016-05-18,2016-05-20,0,0,225,False,-0.6881437125748503,False,10,corporate_action_unadjusted_price_discontinuity,High,unadjusted_price_discontinuity_ex_rights_or_corporate_action; nearest/event trading date 2016-05-19 differs from label date 2016-05-17
2017-06-05,603528,603528.SH,多伦科技,-0.6598331346841473,0.6598331346841473,2016-05-03,,398.0,,主板,SSE,上市,603528.SH.csv,True,True,2016-05-03,2017-06-05,42.33,5.32,2017-06-07,603528.SH,14.01,15.02,13.9,15.02,13.65,41.44,-0.6706081081081081,10.04,-0.6375482625482625,10.04,49164.68,72424.884,7.8626,2017-06-06,2017-06-08,0,0,264,False,-0.6451689109378691,True,10,corporate_action_unadjusted_price_discontinuity,High,unadjusted_price_discontinuity_ex_rights_or_corporate_action; label_matches_local_raw_move; nearest/event trading date 2017-06-07 differs from label date 2017-06-05
2016-06-06,300463,300463.SZ,迈克生物,-0.6596864501679731,0.6596864501679731,2015-05-28,,375.0,,创业板,SZSE,上市,300463.SZ.csv,True,True,2015-05-28,2016-06-06,89.76,-1.25,2016-06-08,300463.SZ,29.79,30.66,27.86,27.96,30.41,91.5,-0.6676502732240437,-8.06,-0.6944262295081967,8.06,217653.64,622619.3479,7.9259,2016-06-07,2016-06-13,0,0,253,False,-0.6885026737967914,False,10,corporate_action_unadjusted_price_discontinuity,High,unadjusted_price_discontinuity_ex_rights_or_corporate_action; nearest/event trading date 2016-06-08 differs from label date 2016-06-06
2017-05-05,603239,603239.SH,浙江仙通,-0.6593586722671856,0.6593586722671856,2016-12-30,,126.0,,主板,SSE,上市,603239.SH.csv,True,True,2016-12-30,2017-05-05,100.87,4.12,2017-05-09,603239.SH,32.98,33.75,31.7,32.86,31.55,95.26,-0.6688011757295822,4.15,-0.65504933865211,4.15,39284.78,128615.513,17.4135,2017-05-08,2017-05-10,0,0,82,False,-0.6742341627837811,True,10,corporate_action_unadjusted_price_discontinuity,High,unadjusted_price_discontinuity_ex_rights_or_corporate_action; label_matches_local_raw_move; nearest/event trading date 2017-05-09 differs from label date 2017-05-05
2016-04-14,600116,600116.SH,三峡水利,-0.6590298625375263,0.6590298625375263,1997-08-04,,6828.0,,主板,SSE,上市,600116.SH.csv,True,True,1997-08-04,2016-04-14,32.06,1.65,2016-04-18,600116.SH,10.5,11.28,10.4,10.82,10.34,31.18,-0.6683771648492624,4.64,-0.6529826812059012,4.64,681471.89,744958.372,23.0226,2016-04-15,2016-04-19,0,0,4436,False,-0.662507797878977,True,10,corporate_action_unadjusted_price_discontinuity,High,unadjusted_price_discontinuity_ex_rights_or_corporate_action; label_matches_local_raw_move; nearest/event trading date 2016-04-18 differs from label date 2016-04-14
2017-06-08,300279,300279.SZ,和晶科技,-0.6585782638414219,0.6585782638414219,2011-12-29,,1988.0,,创业板,SZSE,上市,300279.SZ.csv,True,True,2011-12-29,2017-06-08,39.9,10.01,2017-06-12,300279.SZ,15.3,15.3,14.08,14.49,15.64,43.89,-0.643654591023012,-7.35,-0.6698564593301435,7.35,339098.93,495766.911,11.3743,2017-06-09,2017-06-13,0,0,1085,False,-0.6368421052631579,False,10,corporate_action_unadjusted_price_discontinuity,High,unadjusted_price_discontinuity_ex_rights_or_corporate_action; nearest/event trading date 2017-06-12 differs from label date 2017-06-08
2016-03-28,002768,002768.SZ,国恩股份,-0.6582927196904993,0.6582927196904993,2015-06-30,,272.0,,主板,SZSE,上市,002768.SZ.csv,True,True,2015-06-30,2016-03-28,101.98,10.0,2016-03-30,002768.SZ,33.5,36.39,33.0,36.39,33.08,99.45,-0.6673705379587733,10.01,-0.6340874811463046,10.01,222946.22,792300.0885,37.1577,2016-03-29,2016-03-31,0,0,183,False,-0.6431653265346147,True,10,corporate_action_unadjusted_price_discontinuity,High,unadjusted_price_discontinuity_ex_rights_or_corporate_action; label_matches_local_raw_move; nearest/event trading date 2016-03-30 differs from label date 2016-03-28
2016-05-10,002279,002279.SZ,久其软件,-0.6580009385265134,0.6580009385265134,2009-08-11,,2464.0,,主板,SZSE,上市,002279.SZ.csv,True,True,2009-08-11,2016-05-10,53.57,-1.89,2016-05-12,002279.SZ,18.65,19.44,17.85,19.1,19.52,48.91,-0.6008996115313842,-2.15,-0.6094868125127786,2.15,91422.46,171146.4851,5.0111,2016-05-11,2016-05-13,0,0,1489,False,-0.6434571588575695,True,10,corporate_action_unadjusted_price_discontinuity,High,unadjusted_price_discontinuity_ex_rights_or_corporate_action; label_matches_local_raw_move; nearest/event trading date 2016-05-12 differs from label date 2016-05-10
2016-05-11,002413,002413.SZ,雷科防务,-0.6571822511907744,0.6571822511907744,2010-05-28,,2175.0,,主板,SZSE,上市,002413.SZ.csv,True,True,2010-05-28,2016-05-11,43.15,-7.26,2016-05-13,002413.SZ,13.8,14.17,12.8,12.89,14.17,44.47,-0.6813582190240612,-9.03,-0.7101416685405891,9.03,238933.59,321746.7728,3.5426,2016-05-12,2016-05-16,0,0,1256,False,-0.7012746234067206,False,10,corporate_action_unadjusted_price_discontinuity,High,unadjusted_price_discontinuity_ex_rights_or_corporate_action; nearest/event trading date 2016-05-13 differs from label date 2016-05-11
2016-10-10,002102,002102.SZ,ST能特,-0.65691104027818,0.65691104027818,2006-12-29,,3573.0,,主板,SZSE,上市,002102.SZ.csv,True,True,2006-12-29,2016-10-10,16.91,1.99,2016-10-12,002102.SZ,5.84,5.95,5.6,5.7,5.77,17.32,-0.6668591224018476,-1.21,-0.6709006928406467,1.21,682354.62,391388.4214,5.6503,2016-10-11,2016-10-13,0,0,2053,False,-0.6629213483146068,True,10,corporate_action_unadjusted_price_discontinuity,High,unadjusted_price_discontinuity_ex_rights_or_corporate_action; label_matches_local_raw_move; nearest/event trading date 2016-10-12 differs from label date 2016-10-10
2016-03-25,002536,002536.SZ,飞龙股份,-0.6564452015900057,0.6564452015900057,2011-01-11,,1900.0,,主板,SZSE,上市,002536.SZ.csv,True,True,2011-01-11,2016-03-25,61.24,-6.22,2016-03-29,002536.SZ,22.28,22.4,20.0,21.4,22.03,66.3,-0.6677224736048265,-2.86,-0.6772247360482655,2.86,384300.51,815036.7705,14.8038,2016-03-28,2016-03-30,0,0,1248,False,-0.6505551926845199,True,10,corporate_action_unadjusted_price_discontinuity,High,unadjusted_price_discontinuity_ex_rights_or_corporate_action; label_matches_local_raw_move; nearest/event trading date 2016-03-29 differs from label date 2016-03-25
2016-04-06,002174,002174.SZ,游族网络,-0.6559556167851956,0.6559556167851956,2007-09-25,,3116.0,,主板,SZSE,上市,002174.SZ.csv,True,True,2007-09-25,2016-04-06,136.92,10.0,2016-04-08,002174.SZ,46.5,47.54,43.91,43.91,48.79,146.54,-0.6670533642691415,-10.0,-0.7003548519175652,10.0,443784.36,1979918.1558,16.8094,2016-04-07,2016-04-11,0,0,1793,False,-0.6793017820625182,False,10,corporate_action_unadjusted_price_discontinuity,High,unadjusted_price_discontinuity_ex_rights_or_corporate_action; nearest/event trading date 2016-04-08 differs from label date 2016-04-06
2016-06-13,603023,603023.SH,威帝股份,-0.6531311573717126,0.6531311573717126,2015-05-27,,383.0,,主板,SSE,上市,603023.SH.csv,True,True,2015-05-27,2016-06-13,61.27,-10.0,2016-06-15,603023.SH,20.14,21.45,20.0,21.45,19.5,58.65,-0.6675191815856778,10.0,-0.6342710997442456,10.0,117514.53,245140.483,27.7556,2016-06-14,2016-06-16,0,0,257,False,-0.6499102333931778,True,10,corporate_action_unadjusted_price_discontinuity,High,unadjusted_price_discontinuity_ex_rights_or_corporate_action; label_matches_local_raw_move; nearest/event trading date 2016-06-15 differs from label date 2016-06-13
2017-06-07,603066,603066.SH,音飞储存,-0.6530895873423134,0.6530895873423134,2015-06-11,,727.0,,主板,SSE,上市,603066.SH.csv,True,True,2015-06-11,2017-06-07,44.5,10.01,2017-06-09,603066.SH,15.6,16.8,15.29,15.94,15.57,46.87,-0.6678045658203542,2.38,-0.6599103904416471,2.38,81666.41,131945.876,17.8995,2017-06-08,2017-06-12,0,0,482,False,-0.6417977528089888,True,10,corporate_action_unadjusted_price_discontinuity,High,unadjusted_price_discontinuity_ex_rights_or_corporate_action; label_matches_local_raw_move; nearest/event trading date 2017-06-09 differs from label date 2017-06-07
2016-03-15,600531,600531.SH,豫光金铅,-0.6502601908065914,0.6502601908065914,2002-07-30,,4977.0,,主板,SSE,上市,600531.SH.csv,True,True,2002-07-30,2016-03-15,22.75,-6.03,2016-03-17,600531.SH,8.06,8.36,7.68,8.36,7.6,22.82,-0.6669588080631026,10.0,-0.6336546888694128,10.0,763163.87,613996.126,25.848,2016-03-16,2016-03-18,0,0,3234,False,-0.6325274725274725,True,10,corporate_action_unadjusted_price_discontinuity,High,unadjusted_price_discontinuity_ex_rights_or_corporate_action; label_matches_local_raw_move; nearest/event trading date 2016-03-17 differs from label date 2016-03-15
2017-06-16,002239,002239.SZ,奥特佳,-0.6496153846153856,0.6496153846153856,2008-05-22,,3312.0,,主板,SZSE,上市,002239.SZ.csv,True,True,2008-05-22,2017-06-16,12.98,-0.31,2017-06-20,002239.SZ,4.55,4.59,4.46,4.52,4.53,12.75,-0.6447058823529412,-0.22,-0.6454901960784314,0.22,91147.3,41106.179,0.5054,2017-06-19,2017-06-21,0,0,1784,False,-0.6517719568567026,True,10,corporate_action_unadjusted_price_discontinuity,High,unadjusted_price_discontinuity_ex_rights_or_corporate_action; label_matches_local_raw_move; nearest/event trading date 2017-06-20 differs from label date 2017-06-16
2016-06-27,603318,603318.SH,水发燃气,-0.6488237905015535,0.6488237905015535,2015-04-24,,430.0,,主板,SSE,上市,603318.SH.csv,True,True,2015-04-24,2016-06-27,55.01,1.91,2016-06-29,603318.SH,19.28,20.21,19.2,19.23,18.38,55.38,-0.6681112314915132,4.62,-0.652762730227519,4.62,152976.02,303579.132,43.2136,2016-06-28,2016-06-30,0,0,204,False,-0.6504271950554444,True,10,corporate_action_unadjusted_price_discontinuity,High,unadjusted_price_discontinuity_ex_rights_or_corporate_action; label_matches_local_raw_move; nearest/event trading date 2016-06-29 differs from label date 2016-06-27
2016-05-24,600185,600185.SH,珠免集团,-0.6486626850168787,0.6486626850168787,1999-06-11,,6192.0,,主板,SSE,上市,600185.SH.csv,True,True,1999-06-11,2016-05-24,19.22,-0.93,2016-05-26,600185.SH,6.6,6.79,6.41,6.55,6.65,18.82,-0.6466524973432519,-1.5,-0.6519659936238045,1.5,142938.73,93896.55,2.4743,2016-05-25,2016-05-27,0,0,3978,False,-0.6592091571279917,True,10,corporate_action_unadjusted_price_discontinuity,High,unadjusted_price_discontinuity_ex_rights_or_corporate_action; label_matches_local_raw_move; nearest/event trading date 2016-05-26 differs from label date 2016-05-24
2016-05-04,002145,002145.SZ,钛能化学,-0.6473988439306361,0.6473988439306361,2007-08-03,,3197.0,,主板,SZSE,上市,002145.SZ.csv,True,True,2007-08-03,2016-05-04,21.29,3.3,2016-05-06,002145.SZ,7.55,7.68,7.0,7.05,7.77,23.31,-0.6666666666666667,-9.27,-0.6975546975546976,9.27,1793397.11,1313498.2063,17.7501,2016-05-05,2016-05-09,0,0,1760,False,-0.6688586190699859,False,10,corporate_action_unadjusted_price_discontinuity,High,unadjusted_price_discontinuity_ex_rights_or_corporate_action; nearest/event trading date 2016-05-06 differs from label date 2016-05-04
2016-04-01,603618,603618.SH,杭电股份,-0.6438356164383561,0.6438356164383561,2015-02-17,,409.0,,主板,SSE,上市,603618.SH.csv,True,True,2015-02-17,2016-04-01,46.77,-1.72,2016-04-06,603618.SH,16.51,17.46,16.17,17.46,15.87,47.76,-0.667713567839196,10.02,-0.6344221105527638,10.02,266083.15,457738.91,30.3229,2016-04-05,2016-04-07,0,0,252,False,-0.6266837716484926,True,10,corporate_action_unadjusted_price_discontinuity,High,unadjusted_price_discontinuity_ex_rights_or_corporate_action; label_matches_local_raw_move; nearest/event trading date 2016-04-06 differs from label date 2016-04-01
2017-05-10,002354,002354.SZ,天娱数科,-0.6432997676219983,0.6432997676219983,2010-02-09,,2647.0,,主板,SZSE,上市,002354.SZ.csv,True,True,2010-02-09,2017-05-10,66.3,-1.1,2017-05-12,002354.SZ,22.8,23.27,21.51,21.8,22.93,64.61,-0.6451013774957437,-4.93,-0.662590930196564,4.93,141710.71,314808.989,3.3314,2017-05-11,2017-05-15,0,0,1435,False,-0.6711915535444948,False,10,corporate_action_unadjusted_price_discontinuity,High,unadjusted_price_discontinuity_ex_rights_or_corporate_action; nearest/event trading date 2017-05-12 differs from label date 2017-05-10
2016-05-03,603998,603998.SH,方盛制药,-0.638638949219154,0.638638949219154,2014-12-05,,515.0,,主板,SSE,上市,603998.SH.csv,True,True,2014-12-05,2016-05-03,47.75,7.16,2016-05-05,603998.SH,16.59,17.75,16.59,17.75,16.14,48.63,-0.6681061073411474,9.98,-0.6349989718280897,9.98,73010.75,128295.63,8.1371,2016-05-04,2016-05-06,0,0,321,False,-0.6282722513089005,True,10,corporate_action_unadjusted_price_discontinuity,High,unadjusted_price_discontinuity_ex_rights_or_corporate_action; label_matches_local_raw_move; nearest/event trading date 2016-05-05 differs from label date 2016-05-03
2018-06-27,300668,300668.SZ,杰恩股份,-0.6302250803858522,0.6302250803858522,2017-06-19,,373.0,,创业板,SZSE,上市,300668.SZ.csv,True,True,2017-06-19,2018-06-27,81.36,-2.12,2018-06-29,300668.SZ,31.35,31.69,28.8,30.1,32.0,81.5,-0.6073619631901841,-5.94,-0.6306748466257668,5.94,49203.5,146238.209,8.7714,2018-06-28,2018-07-02,0,0,253,False,-0.6300393313667649,True,10,corporate_action_unadjusted_price_discontinuity,High,unadjusted_price_discontinuity_ex_rights_or_corporate_action; label_matches_local_raw_move; nearest/event trading date 2018-06-29 differs from label date 2018-06-27
2016-07-08,002504,002504.SZ,*ST弘高(退),-0.626064567241038,0.626064567241038,2010-11-18,2023-08-21,2059.0,,主板,SZSE,退市,002504.SZ.csv,True,True,2010-11-18,2016-07-08,24.97,-1.11,2016-07-12,002504.SZ,9.58,9.7,9.11,9.44,9.81,24.9,-0.6060240963855421,-3.77,-0.6208835341365462,3.77,271293.78,252573.4224,6.9839,2016-07-11,2016-07-13,0,0,1190,False,-0.6219463356027233,True,10,corporate_action_unadjusted_price_discontinuity,High,unadjusted_price_discontinuity_ex_rights_or_corporate_action; label_matches_local_raw_move; nearest/event trading date 2016-07-12 differs from label date 2016-07-08
2016-05-10,002407,002407.SZ,多氟多,-0.6260174211052404,0.6260174211052404,2010-05-18,,2184.0,,主板,SZSE,上市,002407.SZ.csv,True,True,2010-05-18,2016-05-10,103.0,-2.57,2016-05-12,002407.SZ,38.22,42.9,37.63,42.3,39.22,98.2,-0.6006109979633402,7.85,-0.5692464358452138,7.85,1248716.16,5096454.7607,26.6297,2016-05-11,2016-05-13,0,0,1362,False,-0.5893203883495146,False,10,corporate_action_unadjusted_price_discontinuity,High,unadjusted_price_discontinuity_ex_rights_or_corporate_action; nearest/event trading date 2016-05-12 differs from label date 2016-05-10
2016-05-03,002665,002665.SZ,ST航高(退),-0.623374102116094,0.623374102116094,2012-03-27,2024-08-26,1498.0,,主板,SZSE,退市,002665.SZ.csv,True,True,2012-03-27,2016-05-03,25.85,2.66,2016-05-05,002665.SZ,9.65,9.85,9.41,9.69,9.59,25.95,-0.6304431599229288,1.04,-0.6265895953757226,1.04,236493.39,228415.828,1.535,2016-05-04,2016-05-06,0,0,835,False,-0.6251450676982593,True,10,corporate_action_unadjusted_price_discontinuity,High,unadjusted_price_discontinuity_ex_rights_or_corporate_action; label_matches_local_raw_move; nearest/event trading date 2016-05-05 differs from label date 2016-05-03
2017-05-09,300546,300546.SZ,雄帝科技,-0.6219205630970336,0.6219205630970336,2016-09-28,,223.0,,创业板,SZSE,上市,300546.SZ.csv,True,True,2016-09-28,2017-05-09,87.81,4.1,2017-05-11,300546.SZ,33.88,35.12,32.93,34.7,36.59,91.98,-0.6021961295933899,-5.17,-0.6227440747988693,5.17,35551.51,120937.175,10.6601,2017-05-10,2017-05-12,0,0,147,False,-0.6048286072201343,True,10,corporate_action_unadjusted_price_discontinuity,High,unadjusted_price_discontinuity_ex_rights_or_corporate_action; label_matches_local_raw_move; nearest/event trading date 2017-05-11 differs from label date 2017-05-09
2017-04-20,300403,300403.SZ,汉宇集团,-0.6215555346562588,0.6215555346562588,2014-10-30,,903.0,,创业板,SZSE,上市,300403.SZ.csv,True,True,2014-10-30,2017-04-20,53.05,-0.04,2017-04-24,300403.SZ,20.1,20.28,19.4,19.86,20.46,51.39,-0.6018680677174548,-2.93,-0.613543490951547,2.93,19645.45,38816.899,1.3359,2017-04-21,2017-04-25,0,0,605,False,-0.625636192271442,True,10,corporate_action_unadjusted_price_discontinuity,High,unadjusted_price_discontinuity_ex_rights_or_corporate_action; label_matches_local_raw_move; nearest/event trading date 2017-04-24 differs from label date 2017-04-20
2017-05-08,002206,002206.SZ,海利得,-0.6214342841908823,0.6214342841908823,2008-01-23,,3393.0,,主板,SZSE,上市,002206.SZ.csv,True,True,2008-01-23,2017-05-08,18.81,-1.1,2017-05-10,002206.SZ,7.19,7.25,6.91,7.05,7.2,18.5,-0.6108108108108108,-2.08,-0.6189189189189189,2.08,93110.95,66052.267,1.0738,2017-05-09,2017-05-11,0,0,2209,False,-0.6251993620414673,True,10,corporate_action_unadjusted_price_discontinuity,High,unadjusted_price_discontinuity_ex_rights_or_corporate_action; label_matches_local_raw_move; nearest/event trading date 2017-05-10 differs from label date 2017-05-08
2017-05-24,002783,002783.SZ,凯龙股份,-0.6210700894144794,0.6210700894144794,2015-12-09,,532.0,,主板,SZSE,上市,002783.SZ.csv,True,True,2015-12-09,2017-05-24,69.2,2.03,2017-05-26,002783.SZ,26.03,26.5,25.5,25.6,26.68,67.5,-0.6047407407407408,-4.05,-0.6207407407407407,4.05,25767.48,66667.373,2.4081,2017-05-25,2017-05-31,0,0,356,False,-0.630057803468208,True,10,corporate_action_unadjusted_price_discontinuity,High,unadjusted_price_discontinuity_ex_rights_or_corporate_action; label_matches_local_raw_move; nearest/event trading date 2017-05-26 differs from label date 2017-05-24
2017-07-31,300382,300382.SZ,斯莱克,-0.6206936550284188,0.6206936550284188,2014-01-29,,1279.0,,创业板,SZSE,上市,300382.SZ.csv,True,True,2014-01-29,2017-07-31,42.79,2.61,2017-08-02,300382.SZ,16.57,16.57,15.46,15.5,16.84,43.1,-0.6092807424593968,-7.96,-0.6403712296983759,7.96,37096.54,58869.909,2.3098,2017-08-01,2017-08-03,0,0,843,False,-0.6377658331385838,True,10,corporate_action_unadjusted_price_discontinuity,High,unadjusted_price_discontinuity_ex_rights_or_corporate_action; label_matches_local_raw_move; nearest/event trading date 2017-08-02 differs from label date 2017-07-31
2016-05-17,300394,300394.SZ,天孚通信,-0.6202036021926389,0.6202036021926389,2015-02-17,,455.0,,创业板,SZSE,上市,300394.SZ.csv,True,True,2015-02-17,2016-05-17,92.24,-3.13,2016-05-19,300394.SZ,34.2,34.96,32.02,32.16,34.18,86.0,-0.6025581395348838,-5.91,-0.626046511627907,5.91,48121.02,162345.0049,7.0752,2016-05-18,2016-05-20,0,0,304,False,-0.6513443191673894,False,10,corporate_action_unadjusted_price_discontinuity,High,unadjusted_price_discontinuity_ex_rights_or_corporate_action; nearest/event trading date 2016-05-19 differs from label date 2016-05-17
2017-07-06,002620,002620.SZ,*ST瑞和,-0.6187932499696491,0.6187932499696491,2011-09-29,,2107.0,,主板,SZSE,上市,002620.SZ.csv,True,True,2011-09-29,2017-07-06,40.92,-0.78,2017-07-10,002620.SZ,15.7,15.84,14.57,14.87,16.02,40.3,-0.6024813895781638,-7.18,-0.6310173697270471,7.18,74520.45,112617.407,3.0969,2017-07-07,2017-07-11,0,0,1347,False,-0.6366080156402738,True,10,corporate_action_unadjusted_price_discontinuity,High,unadjusted_price_discontinuity_ex_rights_or_corporate_action; label_matches_local_raw_move; nearest/event trading date 2017-07-10 differs from label date 2017-07-06
2017-05-18,300352,300352.SZ,ST信源,-0.6184506589521058,0.6184506589521058,2012-09-12,,1709.0,,创业板,SZSE,上市,300352.SZ.csv,True,True,2012-09-12,2017-05-18,15.81,2.13,2017-05-22,300352.SZ,6.02,6.07,5.48,5.52,6.09,15.27,-0.6011787819253438,-9.36,-0.6385068762278978,9.36,290576.43,166992.807,2.7896,2017-05-19,2017-05-23,0,0,1020,False,-0.650853889943074,False,10,corporate_action_unadjusted_price_discontinuity,High,unadjusted_price_discontinuity_ex_rights_or_corporate_action; nearest/event trading date 2017-05-22 differs from label date 2017-05-18
2016-05-16,300066,300066.SZ,三川智慧,-0.6178592904389659,0.6178592904389659,2010-03-26,,2243.0,,创业板,SZSE,上市,300066.SZ.csv,True,True,2010-03-26,2016-05-16,16.62,2.4,2016-05-18,300066.SZ,6.27,6.4,5.76,5.83,6.4,16.08,-0.6019900497512437,-8.91,-0.6374378109452736,8.91,167760.96,100543.9177,1.7878,2016-05-17,2016-05-19,0,0,1440,False,-0.6492178098676293,False,10,corporate_action_unadjusted_price_discontinuity,High,unadjusted_price_discontinuity_ex_rights_or_corporate_action; nearest/event trading date 2016-05-18 differs from label date 2016-05-16
2017-04-14,300493,300493.SZ,润欣科技,-0.6175821321906239,0.6175821321906239,2015-12-10,,491.0,,创业板,SZSE,上市,300493.SZ.csv,True,True,2015-12-10,2017-04-14,41.35,3.12,2017-04-18,300493.SZ,15.49,15.5,14.48,14.49,15.61,39.17,-0.6014807250446771,-7.17,-0.6300740362522339,7.17,29224.23,43413.967,1.8914,2017-04-17,2017-04-19,0,0,323,False,-0.6495767835550181,False,10,corporate_action_unadjusted_price_discontinuity,High,unadjusted_price_discontinuity_ex_rights_or_corporate_action; nearest/event trading date 2017-04-18 differs from label date 2017-04-14
2016-04-28,300476,300476.SZ,胜宏科技,-0.6172661870503596,0.6172661870503596,2015-06-11,,322.0,,创业板,SZSE,上市,300476.SZ.csv,True,True,2015-06-11,2016-04-28,52.4,-0.44,2016-05-03,300476.SZ,20.98,21.3,19.5,21.3,21.16,53.25,-0.6026291079812207,0.66,-0.6,0.66,126747.88,261042.9791,13.8258,2016-04-29,2016-05-04,0,0,217,False,-0.5935114503816794,False,10,corporate_action_unadjusted_price_discontinuity,High,unadjusted_price_discontinuity_ex_rights_or_corporate_action; nearest/event trading date 2016-05-03 differs from label date 2016-04-28
2016-07-15,002002,002002.SZ,ST鸿达(退),-0.6172386691118681,0.6172386691118681,2004-06-25,2024-03-18,4403.0,,主板,SZSE,退市,002002.SZ.csv,True,True,2004-06-25,2016-07-15,19.02,0.26,2016-07-19,002002.SZ,7.3,7.35,7.15,7.27,7.39,18.82,-0.6073326248671627,-1.62,-0.6137088204038257,1.62,228276.63,164821.6649,1.7302,2016-07-18,2016-07-20,0,0,2474,False,-0.6177707676130388,True,10,corporate_action_unadjusted_price_discontinuity,High,unadjusted_price_discontinuity_ex_rights_or_corporate_action; label_matches_local_raw_move; nearest/event trading date 2016-07-19 differs from label date 2016-07-15
2017-05-17,300503,300503.SZ,昊志机电,-0.6168750517512627,0.6168750517512627,2016-03-09,,434.0,,创业板,SZSE,上市,300503.SZ.csv,True,True,2016-03-09,2017-05-17,60.72,3.14,2017-05-19,300503.SZ,23.7,24.18,21.13,22.07,23.48,58.93,-0.601561174274563,-6.01,-0.6254878669608009,6.01,78513.05,175620.176,7.6515,2017-05-18,2017-05-22,0,0,289,False,-0.636528326745718,True,10,corporate_action_unadjusted_price_discontinuity,High,unadjusted_price_discontinuity_ex_rights_or_corporate_action; label_matches_local_raw_move; nearest/event trading date 2017-05-19 differs from label date 2017-05-17
2016-05-26,300091,300091.SZ,*ST金灵,-0.6163573657415009,0.6163573657415009,2010-06-25,,2162.0,,创业板,SZSE,上市,300091.SZ.csv,True,True,2010-06-25,2016-05-26,30.33,-0.33,2016-05-30,300091.SZ,11.98,12.25,11.6,11.92,12.01,30.05,-0.6003327787021631,-0.75,-0.6033277870216307,0.75,29029.03,34930.1509,0.8038,2016-05-27,2016-05-31,0,0,1428,False,-0.606989779096604,True,10,corporate_action_unadjusted_price_discontinuity,High,unadjusted_price_discontinuity_ex_rights_or_corporate_action; label_matches_local_raw_move; nearest/event trading date 2016-05-30 differs from label date 2016-05-26
2016-05-20,300232,300232.SZ,洲明科技,-0.6163304780326052,0.6163304780326052,2011-06-22,,1794.0,,创业板,SZSE,上市,300232.SZ.csv,True,True,2011-06-22,2016-05-20,36.2,2.72,2016-05-24,300232.SZ,14.49,14.49,13.83,14.15,14.37,35.99,-0.6007224228952488,-1.53,-0.6068352320088914,1.53,62983.47,89502.1914,1.7914,2016-05-23,2016-05-25,0,0,1109,False,-0.6091160220994476,True,10,corporate_action_unadjusted_price_discontinuity,High,unadjusted_price_discontinuity_ex_rights_or_corporate_action; label_matches_local_raw_move; nearest/event trading date 2016-05-24 differs from label date 2016-05-20
2016-03-09,002676,002676.SZ,顺威股份,-0.6157982791586999,0.6157982791586999,2012-05-25,,1384.0,,主板,SZSE,上市,002676.SZ.csv,True,True,2012-05-25,2016-03-09,42.0,3.5,2016-03-11,002676.SZ,16.2,16.95,15.3,15.3,16.93,42.33,-0.6000472478147886,-9.63,-0.6385542168674698,9.63,126034.85,198560.9058,3.1782,2016-03-10,2016-03-14,0,0,841,False,-0.6357142857142857,True,10,corporate_action_unadjusted_price_discontinuity,High,unadjusted_price_discontinuity_ex_rights_or_corporate_action; label_matches_local_raw_move; nearest/event trading date 2016-03-11 differs from label date 2016-03-09
2017-05-23,603021,603021.SH,*ST华鹏,-0.6151708808002223,0.6151708808002223,2015-04-23,,761.0,,主板,SSE,上市,603021.SH.csv,True,True,2015-04-23,2017-05-23,36.16,-2.9,2017-05-25,603021.SH,13.99,14.4,13.79,14.07,13.89,36.32,-0.6175660792951542,1.3,-0.6126101321585903,1.3,14297.88,20126.506,2.2354,2017-05-24,2017-05-26,0,0,497,False,-0.610896017699115,True,10,corporate_action_unadjusted_price_discontinuity,High,unadjusted_price_discontinuity_ex_rights_or_corporate_action; label_matches_local_raw_move; nearest/event trading date 2017-05-25 differs from label date 2017-05-23
2017-05-16,603766,603766.SH,隆鑫通用,-0.6147984267453293,0.6147984267453293,2012-08-10,,1740.0,,主板,SSE,上市,603766.SH.csv,True,True,2012-08-10,2017-05-16,20.24,2.95,2017-05-18,603766.SH,7.85,7.96,7.76,7.85,7.87,20.18,-0.610009910802775,-0.25,-0.6110009910802775,0.25,69724.18,54683.843,0.839,2017-05-17,2017-05-19,0,0,1117,False,-0.6121541501976284,True,10,corporate_action_unadjusted_price_discontinuity,High,unadjusted_price_discontinuity_ex_rights_or_corporate_action; label_matches_local_raw_move; nearest/event trading date 2017-05-18 differs from label date 2017-05-16
2016-03-22,002546,002546.SZ,新联电子,-0.6136691591237047,0.6136691591237047,2011-02-11,,1866.0,,主板,SZSE,上市,002546.SZ.csv,True,True,2011-02-11,2016-03-22,38.05,6.11,2016-03-24,002546.SZ,14.8,16.31,14.0,15.78,14.84,41.86,-0.6454849498327759,6.33,-0.6230291447682752,6.33,1467196.75,2246926.171,22.3331,2016-03-23,2016-03-25,0,0,1168,False,-0.5852825229960579,False,10,corporate_action_unadjusted_price_discontinuity,High,unadjusted_price_discontinuity_ex_rights_or_corporate_action; nearest/event trading date 2016-03-24 differs from label date 2016-03-22
2016-06-23,002482,002482.SZ,广田集团,-0.6134561268866718,0.6134561268866718,2010-09-29,,2094.0,,主板,SZSE,上市,002482.SZ.csv,True,True,2010-09-29,2016-06-23,19.57,-0.96,2016-06-27,002482.SZ,7.48,7.61,7.4,7.58,7.56,19.01,-0.6023145712782747,0.26,-0.6012624934245134,0.26,99949.62,75296.7568,0.7652,2016-06-24,2016-06-28,0,0,1361,False,-0.6126724578436382,True,10,corporate_action_unadjusted_price_discontinuity,High,unadjusted_price_discontinuity_ex_rights_or_corporate_action; label_matches_local_raw_move; nearest/event trading date 2016-06-27 differs from label date 2016-06-23
2016-05-12,002019,002019.SZ,亿帆医药,-0.6134443492102363,0.6134443492102363,2004-07-13,,4321.0,,主板,SZSE,上市,002019.SZ.csv,True,True,2004-07-13,2016-05-12,40.93,3.41,2016-05-16,002019.SZ,16.18,16.39,15.37,16.32,16.15,40.48,-0.6010375494071146,1.05,-0.5968379446640315,1.05,209786.21,333561.1936,3.7487,2016-05-13,2016-05-17,0,0,2717,False,-0.6012704617639872,True,10,corporate_action_unadjusted_price_discontinuity,High,unadjusted_price_discontinuity_ex_rights_or_corporate_action; label_matches_local_raw_move; nearest/event trading date 2016-05-16 differs from label date 2016-05-12
2016-05-17,000516,000516.SZ,国际医学,-0.6129853596435394,0.6129853596435394,1993-08-09,,8317.0,,主板,SZSE,上市,000516.SZ.csv,True,True,1993-08-09,2016-05-17,15.91,0.76,2016-05-19,000516.SZ,6.03,6.28,5.92,5.98,6.04,15.14,-0.6010568031704095,-0.99,-0.6050198150594452,0.99,253900.02,155294.8228,1.3123,2016-05-18,2016-05-20,0,0,5442,False,-0.6241357636706474,True,10,corporate_action_unadjusted_price_discontinuity,High,unadjusted_price_discontinuity_ex_rights_or_corporate_action; label_matches_local_raw_move; nearest/event trading date 2016-05-19 differs from label date 2016-05-17
2016-06-22,300477,300477.SZ,ST合纵,-0.6129691716411813,0.6129691716411813,2015-06-10,,378.0,,创业板,SZSE,上市,300477.SZ.csv,True,True,2015-06-10,2016-06-22,62.66,4.26,2016-06-24,300477.SZ,23.9,24.49,22.01,23.07,23.86,60.05,-0.6026644462947544,-3.31,-0.6158201498751041,3.31,113115.36,267875.1571,9.3977,2016-06-23,2016-06-27,0,0,248,False,-0.6318225343121608,True,10,corporate_action_unadjusted_price_discontinuity,High,unadjusted_price_discontinuity_ex_rights_or_corporate_action; label_matches_local_raw_move; nearest/event trading date 2016-06-24 differs from label date 2016-06-22
2016-06-30,002638,002638.SZ,勤上股份,-0.6102753992131451,0.6102753992131451,2011-11-25,,1679.0,,主板,SZSE,上市,002638.SZ.csv,True,True,2011-11-25,2016-06-30,21.47,9.99,2016-07-04,002638.SZ,8.4,8.88,8.21,8.75,8.58,21.44,-0.5998134328358209,1.98,-0.5918843283582089,1.98,344137.38,294643.4204,3.6946,2016-07-01,2016-07-05,0,0,959,False,-0.592454587796926,True,10,corporate_action_unadjusted_price_discontinuity,High,unadjusted_price_discontinuity_ex_rights_or_corporate_action; label_matches_local_raw_move; nearest/event trading date 2016-07-04 differs from label date 2016-06-30
2016-05-23,300099,300099.SZ,尤洛卡,-0.6094727435210009,0.6094727435210009,2010-08-06,,2117.0,,创业板,SZSE,上市,300099.SZ.csv,True,True,2010-08-06,2016-05-23,22.35,3.42,2016-05-25,300099.SZ,8.8,8.85,8.28,8.4,8.64,21.69,-0.6016597510373444,-2.78,-0.6127247579529738,2.78,169063.77,143026.008,4.7311,2016-05-24,2016-05-26,0,0,1242,False,-0.6241610738255033,True,10,corporate_action_unadjusted_price_discontinuity,High,unadjusted_price_discontinuity_ex_rights_or_corporate_action; label_matches_local_raw_move; nearest/event trading date 2016-05-25 differs from label date 2016-05-23
2016-03-24,002280,002280.SZ,ST联络(退),-0.6092884533446954,0.6092884533446954,2009-08-21,2024-08-16,2407.0,,主板,SZSE,退市,002280.SZ.csv,True,True,2009-08-21,2016-03-24,59.85,0.94,2016-03-28,002280.SZ,22.7,24.5,22.05,22.88,22.34,56.0,-0.6010714285714286,2.42,-0.5914285714285714,2.42,861583.38,2008336.3722,13.6771,2016-03-25,2016-03-29,0,0,1514,False,-0.6177109440267335,True,10,corporate_action_unadjusted_price_discontinuity,High,unadjusted_price_discontinuity_ex_rights_or_corporate_action; label_matches_local_raw_move; nearest/event trading date 2016-03-28 differs from label date 2016-03-24
2017-06-08,002456,002456.SZ,欧菲光,-0.6087008628954937,0.6087008628954937,2010-08-03,,2501.0,,主板,SZSE,上市,002456.SZ.csv,True,True,2010-08-03,2017-06-08,41.7,-0.71,2017-06-12,002456.SZ,16.6,16.87,16.16,16.61,16.76,42.0,-0.6009523809523809,-0.9,-0.6045238095238095,0.9,360696.6,597502.048,1.412,2017-06-09,2017-06-13,0,0,1596,False,-0.6016786570743407,True,10,corporate_action_unadjusted_price_discontinuity,High,unadjusted_price_discontinuity_ex_rights_or_corporate_action; label_matches_local_raw_move; nearest/event trading date 2017-06-12 differs from label date 2017-06-08
2017-06-07,002429,002429.SZ,兆驰股份,-0.6081560283687947,0.6081560283687947,2010-06-10,,2554.0,,主板,SZSE,上市,002429.SZ.csv,True,True,2010-06-10,2017-06-07,8.41,3.06,2017-06-09,002429.SZ,3.29,3.32,3.16,3.2,3.3,8.27,-0.6009673518742442,-3.03,-0.6130592503022974,3.03,421035.73,135109.692,1.0598,2017-06-08,2017-06-12,0,0,1603,False,-0.619500594530321,True,10,corporate_action_unadjusted_price_discontinuity,High,unadjusted_price_discontinuity_ex_rights_or_corporate_action; label_matches_local_raw_move; nearest/event trading date 2017-06-09 differs from label date 2017-06-07
2017-05-11,002643,002643.SZ,万润股份,-0.6076333861595348,0.6076333861595348,2011-12-20,,1969.0,,主板,SZSE,上市,002643.SZ.csv,True,True,2011-12-20,2017-05-11,38.03,0.69,2017-05-15,002643.SZ,14.97,15.24,14.28,14.3,14.97,37.77,-0.6036536934074663,-4.48,-0.6213926396611067,4.48,181890.14,268505.974,2.3424,2017-05-12,2017-05-16,0,0,1188,False,-0.6239810675782277,True,10,corporate_action_unadjusted_price_discontinuity,High,unadjusted_price_discontinuity_ex_rights_or_corporate_action; label_matches_local_raw_move; nearest/event trading date 2017-05-15 differs from label date 2017-05-11
2016-04-25,002236,002236.SZ,大华股份,-0.6069364161849713,0.6069364161849713,2008-05-20,,2897.0,,主板,SZSE,上市,002236.SZ.csv,True,True,2008-05-20,2016-04-25,33.59,-1.35,2016-04-27,002236.SZ,13.24,13.35,13.1,13.2,13.23,33.27,-0.6023444544634806,-0.23,-0.6032461677186656,0.23,169246.97,224128.7047,0.9905,2016-04-26,2016-04-28,0,0,1907,False,-0.6070259005656446,True,10,corporate_action_unadjusted_price_discontinuity,High,unadjusted_price_discontinuity_ex_rights_or_corporate_action; label_matches_local_raw_move; nearest/event trading date 2016-04-27 differs from label date 2016-04-25
2016-08-26,600219,600219.SH,南山铝业,-0.6058348851644942,0.6058348851644942,1999-12-23,,6091.0,,主板,SSE,上市,600219.SH.csv,True,True,1999-12-23,2016-08-26,8.07,-1.47,2016-08-30,600219.SH,3.2,3.22,3.09,3.12,3.16,7.99,-0.60450563204005,-1.27,-0.609511889862328,1.27,792149.21,250049.867,2.794,2016-08-29,2016-08-31,0,0,3880,False,-0.6133828996282528,True,10,corporate_action_unadjusted_price_discontinuity,High,unadjusted_price_discontinuity_ex_rights_or_corporate_action; label_matches_local_raw_move; nearest/event trading date 2016-08-30 differs from label date 2016-08-26
2016-09-13,300325,300325.SZ,德威退(退),-0.6049008810572687,0.6049008810572687,2012-06-01,2022-06-28,1565.0,,创业板,SZSE,退市,300325.SZ.csv,True,True,2012-06-01,2016-09-13,18.29,2.75,2016-09-19,300325.SZ,7.2,7.64,6.7,7.48,7.2,18.0,-0.6,3.89,-0.5844444444444444,3.89,240117.65,177196.6137,3.0227,2016-09-14,2016-09-20,0,0,1016,False,-0.5910333515582284,True,10,corporate_action_unadjusted_price_discontinuity,High,unadjusted_price_discontinuity_ex_rights_or_corporate_action; label_matches_local_raw_move; nearest/event trading date 2016-09-19 differs from label date 2016-09-13
2017-09-13,002859,002859.SZ,洁美科技,-0.6042567186619057,0.6042567186619057,2017-04-07,,159.0,,主板,SZSE,上市,002859.SZ.csv,True,True,2017-04-07,2017-09-13,108.15,0.98,2017-09-15,002859.SZ,43.11,44.58,39.82,40.4,43.0,107.9,-0.6014828544949027,-6.05,-0.6255792400370714,6.05,151969.1,640257.332,26.1115,2017-09-14,2017-09-18,0,0,112,False,-0.626444752658345,False,10,corporate_action_unadjusted_price_discontinuity,High,unadjusted_price_discontinuity_ex_rights_or_corporate_action; nearest/event trading date 2017-09-15 differs from label date 2017-09-13
2018-05-02,300401,300401.SZ,花园生物,-0.604162556717301,0.604162556717301,2014-10-09,,1301.0,,创业板,SZSE,上市,300401.SZ.csv,True,True,2014-10-09,2018-05-02,50.93,1.98,2018-05-04,300401.SZ,19.94,20.79,19.64,20.35,19.94,50.0,-0.6012,2.06,-0.593,2.06,149991.23,306007.525,3.4886,2018-05-03,2018-05-07,0,0,854,False,-0.6004319654427646,True,10,corporate_action_unadjusted_price_discontinuity,High,unadjusted_price_discontinuity_ex_rights_or_corporate_action; label_matches_local_raw_move; nearest/event trading date 2018-05-04 differs from label date 2018-05-02
2017-05-17,300008,300008.SZ,天海防务,-0.6039603960396032,0.6039603960396032,2009-10-30,,2756.0,,创业板,SZSE,上市,300008.SZ.csv,True,True,2009-10-30,2017-05-17,24.37,0.37,2017-05-19,300008.SZ,9.4,9.77,9.12,9.16,9.52,23.91,-0.6018402342116269,-3.78,-0.61689669594312,3.78,153309.14,144360.433,2.9727,2017-05-18,2017-05-22,0,0,1670,False,-0.6241280262617973,False,10,corporate_action_unadjusted_price_discontinuity,High,unadjusted_price_discontinuity_ex_rights_or_corporate_action; nearest/event trading date 2017-05-19 differs from label date 2017-05-17
2017-07-26,603009,603009.SH,北特科技,-0.6039047873763034,0.6039047873763034,2014-07-18,,1104.0,,主板,SSE,上市,603009.SH.csv,True,True,2014-07-18,2017-07-26,36.09,0.87,2017-07-28,603009.SH,14.75,15.1,14.1,14.19,14.61,36.52,-0.5999452354874042,-2.87,-0.6114457831325302,2.87,42612.37,61578.208,3.3688,2017-07-27,2017-07-31,0,0,722,False,-0.6068162926018288,True,10,corporate_action_unadjusted_price_discontinuity,High,unadjusted_price_discontinuity_ex_rights_or_corporate_action; label_matches_local_raw_move; nearest/event trading date 2017-07-28 differs from label date 2017-07-26
2016-07-27,000839,000839.SZ,国安股份,-0.6038288728267242,0.6038288728267242,1997-10-31,,6844.0,,主板,SZSE,上市,000839.SZ.csv,True,True,1997-10-31,2016-07-27,26.05,0.19,2016-07-29,000839.SZ,10.0,10.45,9.5,9.52,9.98,25.05,-0.6015968063872256,-4.61,-0.6199600798403193,4.61,2689514.98,2699916.158,6.8627,2016-07-28,2016-08-01,0,0,4345,False,-0.634548944337812,False,10,corporate_action_unadjusted_price_discontinuity,High,unadjusted_price_discontinuity_ex_rights_or_corporate_action; nearest/event trading date 2016-07-29 differs from label date 2016-07-27
2016-04-25,002584,002584.SZ,西陇科学,-0.6029783273500863,0.6029783273500863,2011-06-02,,1789.0,,主板,SZSE,上市,002584.SZ.csv,True,True,2011-06-02,2016-04-25,37.4,-1.58,2016-04-27,002584.SZ,14.98,15.17,14.23,14.34,14.95,37.47,-0.6010141446490526,-4.08,-0.6172938350680544,4.08,105758.8,152610.9452,4.11,2016-04-26,2016-04-28,0,0,1155,False,-0.6165775401069519,True,10,corporate_action_unadjusted_price_discontinuity,High,unadjusted_price_discontinuity_ex_rights_or_corporate_action; label_matches_local_raw_move; nearest/event trading date 2016-04-27 differs from label date 2016-04-25
2017-06-12,300377,300377.SZ,赢时胜,-0.6022781966950099,0.6022781966950099,2014-01-27,,1232.0,,创业板,SZSE,上市,300377.SZ.csv,True,True,2014-01-27,2017-06-12,30.87,-5.39,2017-06-14,300377.SZ,12.3,12.53,11.88,12.23,12.53,31.63,-0.6038570976920645,-2.39,-0.6133417641479608,2.39,138016.11,168774.462,2.7806,2017-06-13,2017-06-15,0,0,775,False,-0.6038224813735018,True,10,corporate_action_unadjusted_price_discontinuity,High,unadjusted_price_discontinuity_ex_rights_or_corporate_action; label_matches_local_raw_move; nearest/event trading date 2017-06-14 differs from label date 2017-06-12
2016-08-19,300506,300506.SZ,ST名家汇,-0.6018005540166204,0.6018005540166204,2016-03-24,,148.0,,创业板,SZSE,上市,300506.SZ.csv,True,True,2016-03-24,2016-08-19,106.0,0.28,2016-08-23,300506.SZ,39.8,44.0,38.65,44.0,40.0,100.0,-0.6,10.0,-0.56,10.0,456602.01,1926134.7761,60.8803,2016-08-22,2016-08-24,0,0,104,False,-0.5849056603773585,True,10,corporate_action_unadjusted_price_discontinuity,High,unadjusted_price_discontinuity_ex_rights_or_corporate_action; label_matches_local_raw_move; nearest/event trading date 2016-08-23 differs from label date 2016-08-19
2016-05-12,300070,300070.SZ,碧水源,-0.6014822519828371,0.6014822519828371,2010-04-21,,2213.0,,创业板,SZSE,上市,300070.SZ.csv,True,True,2010-04-21,2016-05-12,38.3,-0.83,2016-05-16,300070.SZ,15.39,15.39,14.85,15.07,15.51,38.33,-0.5953561179232977,-2.84,-0.6068353769893033,2.84,225941.82,342773.555,1.3739,2016-05-13,2016-05-17,0,0,1406,False,-0.6065274151436031,True,10,corporate_action_unadjusted_price_discontinuity,High,unadjusted_price_discontinuity_ex_rights_or_corporate_action; label_matches_local_raw_move; nearest/event trading date 2016-05-16 differs from label date 2016-05-12
2016-05-13,300156,300156.SZ,神雾退(退),-0.6011313784345418,0.6011313784345418,2011-01-07,2020-08-25,1953.0,,创业板,SZSE,退市,300156.SZ.csv,True,True,2011-01-07,2016-05-13,43.17,1.05,2016-05-17,300156.SZ,17.3,17.39,16.53,17.05,17.29,43.33,-0.6009693053311793,-1.39,-0.6065081929379182,1.39,118560.5,200326.8414,1.8155,2016-05-16,2016-05-18,0,0,1204,False,-0.6050498031040075,True,10,corporate_action_unadjusted_price_discontinuity,High,unadjusted_price_discontinuity_ex_rights_or_corporate_action; label_matches_local_raw_move; nearest/event trading date 2016-05-17 differs from label date 2016-05-13
2017-09-19,300457,300457.SZ,赢合科技,-0.6005361930294906,0.6005361930294906,2015-05-14,,859.0,,创业板,SZSE,上市,300457.SZ.csv,True,True,2015-05-14,2017-09-19,97.64,-1.75,2017-09-21,300457.SZ,39.01,41.39,39.0,39.69,39.67,99.18,-0.6000201653559185,0.05,-0.5998185117967333,0.05,153953.91,618307.452,11.0006,2017-09-20,2017-09-22,0,0,528,False,-0.5935067595247849,True,10,corporate_action_unadjusted_price_discontinuity,High,unadjusted_price_discontinuity_ex_rights_or_corporate_action; label_matches_local_raw_move; nearest/event trading date 2017-09-21 differs from label date 2017-09-19
2016-06-06,002758,002758.SZ,浙农股份,-0.6002534051314541,0.6002534051314541,2015-05-27,,376.0,,主板,SZSE,上市,002758.SZ.csv,True,True,2015-05-27,2016-06-06,78.6,-4.7,2016-06-08,002758.SZ,32.43,32.43,29.5,30.08,32.04,80.39,-0.601442965542978,-6.12,-0.6258241074760542,6.12,46381.71,141049.9598,5.8402,2016-06-07,2016-06-13,0,0,254,False,-0.6173027989821883,True,10,corporate_action_unadjusted_price_discontinuity,High,unadjusted_price_discontinuity_ex_rights_or_corporate_action; label_matches_local_raw_move; nearest/event trading date 2016-06-08 differs from label date 2016-06-06
2016-05-25,000078,000078.SZ,ST海王,-0.6002087682672234,0.6002087682672234,1998-12-18,,6368.0,,主板,SZSE,上市,000078.SZ.csv,True,True,1998-12-18,2016-05-25,19.12,-2.8,2016-05-27,000078.SZ,7.76,7.93,7.3,7.38,7.66,19.15,-0.6,-3.66,-0.6146214099216709,3.66,783740.08,598693.3958,4.2937,2016-05-26,2016-05-30,0,0,4116,False,-0.6140167364016736,True,10,corporate_action_unadjusted_price_discontinuity,High,unadjusted_price_discontinuity_ex_rights_or_corporate_action; label_matches_local_raw_move; nearest/event trading date 2016-05-27 differs from label date 2016-05-25
2017-04-25,300495,300495.SZ,*ST美尚(退),-0.5995118974984748,0.5995118974984748,2015-12-22,2024-09-20,490.0,,创业板,SZSE,退市,300495.SZ.csv,True,True,2015-12-22,2017-04-25,40.84,1.09,2017-04-27,300495.SZ,16.75,16.9,15.5,16.7,16.54,41.5,-0.6014457831325302,0.97,-0.5975903614457831,0.97,40544.31,66979.206,1.7785,2017-04-26,2017-04-28,0,0,269,False,-0.5910871694417239,True,10,corporate_action_unadjusted_price_discontinuity,High,unadjusted_price_discontinuity_ex_rights_or_corporate_action; label_matches_local_raw_move; nearest/event trading date 2017-04-27 differs from label date 2017-04-25
2017-04-25,603678,603678.SH,火炬电子,-0.5994137762579385,0.5994137762579385,2015-01-26,,820.0,,主板,SSE,上市,603678.SH.csv,True,True,2015-01-26,2017-04-25,71.41,1.33,2017-04-27,603678.SH,28.99,31.54,28.32,29.71,28.68,71.94,-0.6013344453711427,3.59,-0.5870169585765916,3.59,29122.57,86533.943,3.6088,2017-04-26,2017-04-28,0,0,532,False,-0.5839518274751435,True,10,corporate_action_unadjusted_price_discontinuity,High,unadjusted_price_discontinuity_ex_rights_or_corporate_action; label_matches_local_raw_move; nearest/event trading date 2017-04-27 differs from label date 2017-04-25
2016-10-14,300426,300426.SZ,华智数媒,-0.5993382352941178,0.5993382352941178,2015-02-17,,605.0,,创业板,SZSE,上市,300426.SZ.csv,True,True,2015-02-17,2016-10-14,67.6,-1.17,2016-10-18,300426.SZ,27.0,27.29,26.23,26.7,26.72,66.8,-0.6,-0.07,-0.6002994011976048,0.07,39127.05,104814.7841,3.0039,2016-10-17,2016-10-19,0,0,324,False,-0.6050295857988166,True,10,corporate_action_unadjusted_price_discontinuity,High,unadjusted_price_discontinuity_ex_rights_or_corporate_action; label_matches_local_raw_move; nearest/event trading date 2016-10-18 differs from label date 2016-10-14
2016-06-22,600559,600559.SH,老白干酒,-0.5969659332860184,0.5969659332860184,2002-10-29,,4985.0,,主板,SSE,上市,600559.SH.csv,True,True,2002-10-29,2016-06-22,56.16,1.04,2016-06-24,600559.SH,22.1,24.0,21.9,22.84,21.93,55.13,-0.6022129512062397,4.15,-0.5857065118810085,4.15,80830.87,184988.269,5.7736,2016-06-23,2016-06-27,0,0,3212,False,-0.5933048433048433,True,10,corporate_action_unadjusted_price_discontinuity,High,unadjusted_price_discontinuity_ex_rights_or_corporate_action; label_matches_local_raw_move; nearest/event trading date 2016-06-24 differs from label date 2016-06-22
2017-05-24,300422,300422.SZ,博世科,-0.5964302827024435,0.5964302827024435,2015-02-17,,827.0,,创业板,SZSE,上市,300422.SZ.csv,True,True,2015-02-17,2017-05-24,41.38,2.65,2017-05-26,300422.SZ,16.68,17.18,16.01,16.89,16.67,41.76,-0.6008141762452106,1.32,-0.5955459770114941,1.32,116425.64,193300.239,6.6203,2017-05-25,2017-05-31,0,0,541,False,-0.5918318028032866,True,10,corporate_action_unadjusted_price_discontinuity,High,unadjusted_price_discontinuity_ex_rights_or_corporate_action; label_matches_local_raw_move; nearest/event trading date 2017-05-26 differs from label date 2017-05-24
2017-08-30,002853,002853.SZ,皮阿诺,-0.5958969882147533,0.5958969882147533,2017-03-10,,173.0,,主板,SZSE,上市,002853.SZ.csv,True,True,2017-03-10,2017-08-30,106.1,-3.15,2017-09-01,002853.SZ,44.88,50.88,44.26,47.0,46.56,116.71,-0.6010624625139234,0.95,-0.5972924342387114,0.95,241167.99,1135399.796,61.8379,2017-08-31,2017-09-04,0,0,116,False,-0.5570216776625825,False,10,corporate_action_unadjusted_price_discontinuity,High,unadjusted_price_discontinuity_ex_rights_or_corporate_action; nearest/event trading date 2017-09-01 differs from label date 2017-08-30
2016-05-04,002701,002701.SZ,奥瑞金,-0.59581589958159,0.59581589958159,2012-10-11,,1301.0,,主板,SZSE,上市,002701.SZ.csv,True,True,2012-10-11,2016-05-04,23.81,-0.42,2016-05-06,002701.SZ,9.98,9.98,9.18,9.18,9.87,24.13,-0.5909656029838375,-6.99,-0.6195607128056362,6.99,470454.49,446732.5587,3.0905,2016-05-05,2016-05-09,0,0,834,False,-0.6144477110457791,True,10,corporate_action_unadjusted_price_discontinuity,High,unadjusted_price_discontinuity_ex_rights_or_corporate_action; label_matches_local_raw_move; nearest/event trading date 2016-05-06 differs from label date 2016-05-04
2016-09-26,300201,300201.SZ,海伦哲,-0.5954297585042846,0.5954297585042846,2011-04-07,,1999.0,,创业板,SZSE,上市,300201.SZ.csv,True,True,2011-04-07,2016-09-26,19.13,-0.57,2016-09-28,300201.SZ,7.93,8.05,7.2,7.32,7.72,18.38,-0.5799782372143634,-5.18,-0.6017410228509249,5.18,333006.3,257178.7196,3.9017,2016-09-27,2016-09-29,0,0,1156,False,-0.6173549398849973,False,10,corporate_action_unadjusted_price_discontinuity,High,unadjusted_price_discontinuity_ex_rights_or_corporate_action; nearest/event trading date 2016-09-28 differs from label date 2016-09-26
2017-06-14,300555,300555.SZ,ST路通,-0.5950305143853528,0.5950305143853528,2016-10-18,,239.0,,创业板,SZSE,上市,300555.SZ.csv,True,True,2016-10-18,2017-06-14,56.09,-1.56,2017-06-16,300555.SZ,23.5,24.18,22.67,24.15,24.14,60.49,-0.6009257728550174,0.04,-0.6007604562737643,0.04,128794.38,303440.491,25.7589,2017-06-15,2017-06-19,0,0,162,False,-0.569441968265288,False,10,corporate_action_unadjusted_price_discontinuity,High,unadjusted_price_discontinuity_ex_rights_or_corporate_action; nearest/event trading date 2017-06-16 differs from label date 2017-06-14
2016-03-09,300367,300367.SZ,网力退(退),-0.5940358158481283,0.5940358158481283,2014-01-29,2022-06-30,770.0,,创业板,SZSE,退市,300367.SZ.csv,True,True,2014-01-29,2016-03-09,65.1,0.34,2016-03-11,300367.SZ,25.6,26.69,24.56,24.9,26.19,65.6,-0.6007621951219512,-4.93,-0.6204268292682926,4.93,185668.38,476589.5035,4.9588,2016-03-10,2016-03-14,0,0,464,False,-0.6175115207373272,False,10,corporate_action_unadjusted_price_discontinuity,High,unadjusted_price_discontinuity_ex_rights_or_corporate_action; nearest/event trading date 2016-03-11 differs from label date 2016-03-09
2017-07-27,002703,002703.SZ,浙江世宝,-0.5934273916035792,0.5934273916035792,2012-11-02,,1728.0,,主板,SZSE,上市,002703.SZ.csv,True,True,2012-11-02,2017-07-27,29.1,-1.05,2017-07-31,002703.SZ,11.26,12.39,11.26,12.39,11.26,28.25,-0.6014159292035398,10.04,-0.5614159292035398,10.04,205173.95,247525.071,5.9242,2017-07-28,2017-08-01,0,0,994,False,-0.5742268041237113,True,10,corporate_action_unadjusted_price_discontinuity,High,unadjusted_price_discontinuity_ex_rights_or_corporate_action; label_matches_local_raw_move; nearest/event trading date 2017-07-31 differs from label date 2017-07-27
2016-09-30,002402,002402.SZ,和而泰,-0.5912851627137344,0.5912851627137344,2010-05-11,,2334.0,,主板,SZSE,上市,002402.SZ.csv,True,True,2010-05-11,2016-09-30,27.01,0.07,2016-10-11,002402.SZ,11.13,11.49,10.82,11.38,11.11,27.82,-0.600647016534867,2.43,-0.5909417685118619,2.43,206014.52,228849.6682,3.4016,2016-10-10,2016-10-12,0,0,1542,False,-0.5786745649759348,True,10,corporate_action_unadjusted_price_discontinuity,High,unadjusted_price_discontinuity_ex_rights_or_corporate_action; label_matches_local_raw_move; nearest/event trading date 2016-10-11 differs from label date 2016-09-30
2017-06-01,300471,300471.SZ,厚普股份,-0.5912236987818381,0.5912236987818381,2015-06-11,,721.0,,创业板,SZSE,上市,300471.SZ.csv,True,True,2015-06-11,2017-06-01,36.5,-4.65,2017-06-05,300471.SZ,14.89,15.29,14.52,15.0,14.91,37.6,-0.6034574468085107,0.6,-0.601063829787234,0.6,37421.35,56294.093,1.7171,2017-06-02,2017-06-06,0,0,481,False,-0.589041095890411,True,10,corporate_action_unadjusted_price_discontinuity,High,unadjusted_price_discontinuity_ex_rights_or_corporate_action; label_matches_local_raw_move; nearest/event trading date 2017-06-05 differs from label date 2017-06-01
2016-04-27,300390,300390.SZ,天华新能,-0.5908750934928945,0.5908750934928945,2014-07-31,,636.0,,创业板,SZSE,上市,300390.SZ.csv,True,True,2014-07-31,2016-04-27,33.13,-2.64,2016-04-29,300390.SZ,13.85,14.6,13.31,13.32,13.6,34.2,-0.6023391812865497,-2.06,-0.6105263157894737,2.06,125249.82,174637.8945,10.4771,2016-04-28,2016-05-03,0,0,364,False,-0.5979474796257169,True,10,corporate_action_unadjusted_price_discontinuity,High,unadjusted_price_discontinuity_ex_rights_or_corporate_action; label_matches_local_raw_move; nearest/event trading date 2016-04-29 differs from label date 2016-04-27
2017-05-15,300356,300356.SZ,光一退(退),-0.5907505964397138,0.5907505964397138,2012-10-09,2023-07-13,1679.0,,创业板,SZSE,退市,300356.SZ.csv,True,True,2012-10-09,2017-05-15,27.1,9.98,2017-05-17,300356.SZ,11.1,11.34,10.61,10.81,11.18,27.97,-0.6002860207365034,-3.31,-0.6135144797997855,3.31,127756.56,138998.634,4.1971,2017-05-16,2017-05-18,0,0,938,False,-0.6011070110701107,True,10,corporate_action_unadjusted_price_discontinuity,High,unadjusted_price_discontinuity_ex_rights_or_corporate_action; label_matches_local_raw_move; nearest/event trading date 2017-05-17 differs from label date 2017-05-15
2017-05-24,300021,300021.SZ,大禹节水,-0.590455271565495,0.590455271565495,2009-10-30,,2763.0,,创业板,SZSE,上市,300021.SZ.csv,True,True,2009-10-30,2017-05-24,25.67,9.98,2017-05-26,300021.SZ,10.2,11.27,10.0,10.12,10.54,26.45,-0.6015122873345936,-3.98,-0.6173913043478261,3.98,1231579.75,1306031.04,29.5588,2017-05-25,2017-05-31,0,0,1802,False,-0.6057654850019478,True,10,corporate_action_unadjusted_price_discontinuity,High,unadjusted_price_discontinuity_ex_rights_or_corporate_action; label_matches_local_raw_move; nearest/event trading date 2017-05-26 differs from label date 2017-05-24
2016-06-15,002121,002121.SZ,科陆电子,-0.5904094010614102,0.5904094010614102,2007-03-06,,3389.0,,主板,SZSE,上市,002121.SZ.csv,True,True,2007-03-06,2016-06-15,26.46,7.43,2016-06-17,002121.SZ,10.8,10.93,10.31,10.41,10.65,26.68,-0.6008245877061469,-2.25,-0.6098200899550225,2.25,475374.65,505444.8068,6.8218,2016-06-16,2016-06-20,0,0,2179,False,-0.6065759637188208,True,10,corporate_action_unadjusted_price_discontinuity,High,unadjusted_price_discontinuity_ex_rights_or_corporate_action; label_matches_local_raw_move; nearest/event trading date 2016-06-17 differs from label date 2016-06-15
2017-06-20,603888,603888.SH,新华网,-0.5904069767441862,0.5904069767441862,2016-10-28,,235.0,,主板,SSE,上市,603888.SH.csv,True,True,2016-10-28,2017-06-20,86.09,-1.52,2017-06-22,603888.SH,34.3,35.38,33.89,33.91,33.96,84.89,-0.5999528801979032,-0.15,-0.6005418777241136,0.15,20296.68,70264.929,3.9105,2017-06-21,2017-06-23,0,0,156,False,-0.6061098850040656,True,10,corporate_action_unadjusted_price_discontinuity,High,unadjusted_price_discontinuity_ex_rights_or_corporate_action; label_matches_local_raw_move; nearest/event trading date 2017-06-22 differs from label date 2017-06-20
2016-06-17,002426,002426.SZ,胜利精密,-0.5901274529637872,0.5901274529637872,2010-06-08,,2201.0,,主板,SZSE,上市,002426.SZ.csv,True,True,2010-06-08,2016-06-17,24.55,-2.66,2016-06-21,002426.SZ,10.31,10.34,9.48,9.64,10.18,25.49,-0.6006276971361317,-5.3,-0.6218124754805805,5.3,604901.26,595424.8345,3.8048,2016-06-20,2016-06-22,0,0,1334,False,-0.6073319755600814,True,10,corporate_action_unadjusted_price_discontinuity,High,unadjusted_price_discontinuity_ex_rights_or_corporate_action; label_matches_local_raw_move; nearest/event trading date 2016-06-21 differs from label date 2016-06-17
2024-09-26,301551,301551.SZ,无线传媒,0.5898452994843318,0.5898452994843318,2024-09-26,,0.0,,创业板,SZSE,上市,301551.SZ.csv,True,True,2024-09-26,2024-09-26,39.37,318.8298,2024-09-30,301551.SZ,59.0,280.0,51.56,181.0,50.64,50.64,0.0,257.425,2.574249605055292,257.425,310158.95,2722492.705,87.3926,2024-09-27,2024-10-08,0,0,2,False,3.5974091948183897,False,10,new_listing_first_days,Medium,new_listing_first_days; single_day_raw_price_jump_over_50pct; nearest/event trading date 2024-09-30 differs from label date 2024-09-26
2016-06-13,000961,000961.SZ,ST中南(退),-0.5894800483675929,0.5894800483675929,2000-03-01,2024-07-11,5948.0,,主板,SZSE,退市,000961.SZ.csv,True,True,2000-03-01,2016-06-13,16.56,-2.01,2016-06-15,000961.SZ,6.64,6.96,6.56,6.86,6.54,16.4,-0.6012195121951219,4.89,-0.5817073170731707,4.89,551240.6,371696.5443,1.8945,2016-06-14,2016-06-16,0,0,3669,False,-0.5857487922705313,True,10,corporate_action_unadjusted_price_discontinuity,High,unadjusted_price_discontinuity_ex_rights_or_corporate_action; label_matches_local_raw_move; nearest/event trading date 2016-06-15 differs from label date 2016-06-13
2016-06-28,600522,600522.SH,中天科技,-0.5889830508474577,0.5889830508474577,2002-10-24,,4996.0,,主板,SSE,上市,600522.SH.csv,True,True,2002-10-24,2016-06-28,24.76,-0.16,2016-06-30,600522.SH,9.8,10.24,9.76,9.8,9.71,24.37,-0.6015592942141978,0.93,-0.5978662289700452,0.93,550443.41,547916.999,6.38,2016-06-29,2016-07-01,0,0,3189,False,-0.6042003231017771,True,10,corporate_action_unadjusted_price_discontinuity,High,unadjusted_price_discontinuity_ex_rights_or_corporate_action; label_matches_local_raw_move; nearest/event trading date 2016-06-30 differs from label date 2016-06-28
2016-07-07,002769,002769.SZ,普路通,-0.5887731481481481,0.5887731481481481,2015-06-29,,374.0,,主板,SZSE,上市,002769.SZ.csv,True,True,2015-06-29,2016-07-07,86.99,-0.57,2016-07-11,002769.SZ,35.49,35.94,33.01,33.21,34.83,87.26,-0.6008480403392162,-4.65,-0.6194132477652992,4.65,93877.94,320955.1139,4.9916,2016-07-08,2016-07-12,0,0,246,False,-0.6182319806874352,False,10,corporate_action_unadjusted_price_discontinuity,High,unadjusted_price_discontinuity_ex_rights_or_corporate_action; nearest/event trading date 2016-07-11 differs from label date 2016-07-07
2017-05-08,300487,300487.SZ,蓝晓科技,-0.5865454169680689,0.5865454169680689,2015-07-02,,676.0,,创业板,SZSE,上市,300487.SZ.csv,True,True,2015-07-02,2017-05-08,48.49,-8.22,2017-05-10,300487.SZ,19.68,20.97,19.12,19.17,20.16,50.55,-0.601186943620178,-4.91,-0.6207715133531156,4.91,97803.94,196120.841,11.6481,2017-05-09,2017-05-11,0,0,451,False,-0.6046607547948031,True,10,corporate_action_unadjusted_price_discontinuity,High,unadjusted_price_discontinuity_ex_rights_or_corporate_action; label_matches_local_raw_move; nearest/event trading date 2017-05-10 differs from label date 2017-05-08
2016-05-19,300089,300089.SZ,文化退(退),-0.586317907444668,0.586317907444668,2010-06-25,2023-07-13,2155.0,,创业板,SZSE,退市,300089.SZ.csv,True,True,2010-06-25,2016-05-19,25.19,3.32,2016-05-23,300089.SZ,10.33,10.59,9.94,10.14,10.15,25.4,-0.6003937007874016,-0.1,-0.6007874015748031,0.1,154268.84,156405.3262,7.1323,2016-05-20,2016-05-24,0,0,1168,False,-0.5974593092497023,True,10,corporate_action_unadjusted_price_discontinuity,High,unadjusted_price_discontinuity_ex_rights_or_corporate_action; label_matches_local_raw_move; nearest/event trading date 2016-05-23 differs from label date 2016-05-19
2016-05-13,300359,300359.SZ,全通教育,-0.5860443551502973,0.5860443551502973,2014-01-21,,843.0,,创业板,SZSE,上市,300359.SZ.csv,True,True,2014-01-21,2016-05-13,64.7,0.53,2016-05-17,300359.SZ,26.95,27.59,25.93,27.02,26.66,66.7,-0.6002998500749626,1.35,-0.5949025487256372,1.35,80369.39,215643.5022,3.0982,2016-05-16,2016-05-18,0,0,461,False,-0.5823802163833076,True,10,corporate_action_unadjusted_price_discontinuity,High,unadjusted_price_discontinuity_ex_rights_or_corporate_action; label_matches_local_raw_move; nearest/event trading date 2016-05-17 differs from label date 2016-05-13
2016-07-04,300464,300464.SZ,星徽股份,-0.5858480749219562,0.5858480749219562,2015-06-10,,390.0,,创业板,SZSE,上市,300464.SZ.csv,True,True,2015-06-10,2016-07-04,52.85,0.86,2016-07-06,300464.SZ,20.67,22.49,20.67,21.22,20.87,52.27,-0.6007269944518845,1.68,-0.5940309929213698,1.68,106499.56,227414.6898,10.5759,2016-07-05,2016-07-07,0,0,216,False,-0.5984862819299905,True,10,corporate_action_unadjusted_price_discontinuity,High,unadjusted_price_discontinuity_ex_rights_or_corporate_action; label_matches_local_raw_move; nearest/event trading date 2016-07-06 differs from label date 2016-07-04
2017-04-17,600337,600337.SH,ST美克,-0.5854885057471262,0.5854885057471262,2000-11-27,,5985.0,,主板,SSE,上市,600337.SH.csv,True,True,2000-11-27,2017-04-17,13.78,-0.07,2017-04-19,600337.SH,5.73,5.81,5.46,5.54,5.68,13.37,-0.575168287210172,-2.46,-0.5856394913986537,2.46,137211.42,76972.297,2.1274,2017-04-18,2017-04-20,0,0,3855,False,-0.5979680696661829,True,10,corporate_action_unadjusted_price_discontinuity,High,unadjusted_price_discontinuity_ex_rights_or_corporate_action; label_matches_local_raw_move; nearest/event trading date 2017-04-19 differs from label date 2017-04-17
2016-07-06,300420,300420.SZ,五洋自控,-0.5849689237814851,0.5849689237814851,2015-02-17,,505.0,,创业板,SZSE,上市,300420.SZ.csv,True,True,2015-02-17,2016-07-06,60.6,-0.67,2016-07-08,300420.SZ,25.01,27.54,24.7,27.54,25.04,62.65,-0.6003192338387869,9.98,-0.560415003990423,9.98,72976.29,193863.8142,8.3134,2016-07-07,2016-07-11,0,0,264,False,-0.5455445544554456,False,10,corporate_action_unadjusted_price_discontinuity,High,unadjusted_price_discontinuity_ex_rights_or_corporate_action; nearest/event trading date 2016-07-08 differs from label date 2016-07-06
2016-05-19,603111,603111.SH,康尼机电,-0.5847318196775255,0.5847318196775255,2014-08-01,,657.0,,主板,SSE,上市,603111.SH.csv,True,True,2014-08-01,2016-05-19,30.6,1.12,2016-05-23,603111.SH,12.05,13.08,12.02,12.83,11.96,30.09,-0.6025257560651378,7.27,-0.573612495845796,7.27,91684.14,116648.987,6.051,2016-05-20,2016-05-24,0,0,348,False,-0.580718954248366,True,10,corporate_action_unadjusted_price_discontinuity,High,unadjusted_price_discontinuity_ex_rights_or_corporate_action; label_matches_local_raw_move; nearest/event trading date 2016-05-23 differs from label date 2016-05-19
2016-03-11,300023,300023.SZ,宝德退(退),-0.5835559513208667,0.5835559513208667,2009-10-30,2022-06-29,2324.0,,创业板,SZSE,退市,300023.SZ.csv,True,True,2009-10-30,2016-03-11,47.9,-5.52,2016-03-15,300023.SZ,21.3,21.86,19.05,19.5,21.06,52.69,-0.6003036629341432,-7.41,-0.6299107990130954,7.41,368441.31,758574.7107,28.3143,2016-03-14,2016-03-16,0,0,1443,False,-0.5929018789144049,True,10,corporate_action_unadjusted_price_discontinuity,High,unadjusted_price_discontinuity_ex_rights_or_corporate_action; label_matches_local_raw_move; nearest/event trading date 2016-03-15 differs from label date 2016-03-11
2016-04-21,600728,600728.SH,佳都科技,-0.5834163842934025,0.5834163842934025,1996-07-16,,7219.0,,主板,SSE,上市,600728.SH.csv,True,True,1996-07-16,2016-04-21,25.83,0.35,2016-04-25,600728.SH,10.19,10.69,9.9,9.98,10.13,26.35,-0.6155597722960151,-1.48,-0.6212523719165086,1.48,225844.81,231672.976,5.6362,2016-04-22,2016-04-26,0,0,4361,False,-0.613627564847077,False,10,corporate_action_unadjusted_price_discontinuity,High,unadjusted_price_discontinuity_ex_rights_or_corporate_action; nearest/event trading date 2016-04-25 differs from label date 2016-04-21
2018-04-20,002717,002717.SZ,*ST岭南,-0.5830825810765627,0.5830825810765627,2014-02-19,,1521.0,,主板,SZSE,上市,002717.SZ.csv,True,True,2014-02-19,2018-04-20,29.78,-3.0,2018-04-24,002717.SZ,12.58,13.13,12.34,12.96,12.44,28.78,-0.5677553856845032,4.18,-0.5496872828353023,4.18,102342.72,130882.047,1.9274,2018-04-23,2018-04-25,0,0,859,False,-0.564808596373405,True,10,corporate_action_unadjusted_price_discontinuity,High,unadjusted_price_discontinuity_ex_rights_or_corporate_action; label_matches_local_raw_move; nearest/event trading date 2018-04-24 differs from label date 2018-04-20
2017-04-14,000711,000711.SZ,ST京蓝,-0.5828176716074254,0.5828176716074254,1997-04-11,,7308.0,,主板,SZSE,上市,000711.SZ.csv,True,True,1997-04-11,2017-04-17,31.11,-6.21,2017-04-18,000711.SZ,14.71,16.29,14.09,14.89,15.51,31.11,-0.5014464802314369,-4.0,-0.5213757634201222,4.0,149599.85,227923.61,4.6489,2017-04-17,2017-04-19,0,0,4448,False,-0.5213757634201222,False,10,corporate_action_unadjusted_price_discontinuity,High,unadjusted_price_discontinuity_ex_rights_or_corporate_action; nearest/event trading date 2017-04-18 differs from label date 2017-04-14
2016-05-13,002688,002688.SZ,金河生物,-0.5827854154213985,0.5827854154213985,2012-07-13,,1400.0,,主板,SZSE,上市,002688.SZ.csv,True,True,2012-07-13,2016-05-13,24.66,-3.14,2016-05-17,002688.SZ,10.56,10.64,9.78,9.79,10.52,26.5,-0.6030188679245283,-6.94,-0.6305660377358491,6.94,251008.89,253617.4916,4.7484,2016-05-16,2016-05-18,0,0,855,False,-0.6030008110300081,False,10,corporate_action_unadjusted_price_discontinuity,High,unadjusted_price_discontinuity_ex_rights_or_corporate_action; nearest/event trading date 2016-05-17 differs from label date 2016-05-13
2017-05-23,603007,603007.SH,顺景科技,-0.580791556728232,0.580791556728232,2016-08-26,,270.0,,主板,SSE,上市,603007.SH.csv,True,True,2016-08-26,2017-05-23,49.56,1.33,2017-05-25,603007.SH,19.79,20.47,19.05,19.22,19.16,48.05,-0.6012486992715921,0.31,-0.6,0.31,55811.69,110324.258,16.7351,2017-05-24,2017-05-26,0,0,166,False,-0.6121872477804682,False,10,corporate_action_unadjusted_price_discontinuity,High,unadjusted_price_discontinuity_ex_rights_or_corporate_action; nearest/event trading date 2017-05-25 differs from label date 2017-05-23
2016-05-12,300081,300081.SZ,ST恒信,-0.5804589610023934,0.5804589610023934,2010-05-20,,2184.0,,创业板,SZSE,上市,300081.SZ.csv,True,True,2010-05-20,2016-05-12,36.11,-3.19,2016-05-16,300081.SZ,14.33,15.31,14.33,15.31,13.92,34.91,-0.6012603838441707,9.99,-0.5614437124033227,9.99,123390.18,184738.148,5.3842,2016-05-13,2016-05-17,0,0,1272,False,-0.5760177236222652,True,10,corporate_action_unadjusted_price_discontinuity,High,unadjusted_price_discontinuity_ex_rights_or_corporate_action; label_matches_local_raw_move; nearest/event trading date 2016-05-16 differs from label date 2016-05-12
2016-06-24,600530,600530.SH,交大昂立,-0.5802285146547442,0.5802285146547442,2001-07-02,,5471.0,,主板,SSE,上市,600530.SH.csv,True,True,2001-07-02,2016-06-24,19.78,-2.47,2016-06-28,600530.SH,8.35,8.47,8.15,8.28,8.23,20.67,-0.6018384131591679,0.61,-0.5994194484760523,0.61,139174.75,115161.748,4.4607,2016-06-27,2016-06-29,0,0,3451,False,-0.5813953488372093,True,10,corporate_action_unadjusted_price_discontinuity,High,unadjusted_price_discontinuity_ex_rights_or_corporate_action; label_matches_local_raw_move; nearest/event trading date 2016-06-28 differs from label date 2016-06-24
2017-07-14,300520,300520.SZ,科大国创,-0.5793189368770754,0.5793189368770754,2016-07-08,,371.0,,创业板,SZSE,上市,300520.SZ.csv,True,True,2016-07-08,2017-07-14,48.63,-1.56,2017-07-18,300520.SZ,20.1,20.39,18.6,19.4,20.26,44.7,-0.5467561521252796,-4.24,-0.5659955257270695,4.24,22021.37,42859.155,1.9548,2017-07-17,2017-07-19,0,0,249,False,-0.6010692987867572,False,10,corporate_action_unadjusted_price_discontinuity,High,unadjusted_price_discontinuity_ex_rights_or_corporate_action; nearest/event trading date 2017-07-18 differs from label date 2017-07-14
2016-04-27,300249,300249.SZ,依米康,-0.5770609318996416,0.5770609318996416,2011-08-03,,1729.0,,创业板,SZSE,上市,300249.SZ.csv,True,True,2011-08-03,2016-04-27,23.94,-2.25,2016-04-29,300249.SZ,9.82,10.58,9.39,10.58,9.62,24.07,-0.6003323639385127,9.98,-0.5604486913169922,9.98,103965.44,108174.6335,3.739,2016-04-28,2016-05-03,0,0,1030,False,-0.5580618212197159,True,10,corporate_action_unadjusted_price_discontinuity,High,unadjusted_price_discontinuity_ex_rights_or_corporate_action; label_matches_local_raw_move; nearest/event trading date 2016-04-29 differs from label date 2016-04-27
2016-06-14,300448,300448.SZ,浩云科技,-0.5750784953518437,0.5750784953518437,2015-04-24,,417.0,,创业板,SZSE,上市,300448.SZ.csv,True,True,2015-04-24,2016-06-14,78.95,-1.21,2016-06-16,300448.SZ,34.89,35.19,33.02,34.3,34.8,86.85,-0.5993091537132988,-1.44,-0.6050662061024755,1.44,60890.4,206334.6376,9.3081,2016-06-15,2016-06-17,0,0,277,False,-0.565547815072831,True,10,corporate_action_unadjusted_price_discontinuity,High,unadjusted_price_discontinuity_ex_rights_or_corporate_action; label_matches_local_raw_move; nearest/event trading date 2016-06-16 differs from label date 2016-06-14
2016-05-13,603778,603778.SH,国晟科技,-0.5747286821705427,0.5747286821705427,2015-12-31,,134.0,,主板,SSE,上市,603778.SH.csv,True,True,2015-12-31,2016-05-13,62.59,1.76,2016-05-17,603778.SH,26.86,28.67,26.11,28.18,26.11,65.36,-0.6005201958384333,7.93,-0.5688494492044064,7.93,69845.81,194477.934,34.9229,2016-05-16,2016-05-18,0,0,89,False,-0.5497683335996166,False,10,corporate_action_unadjusted_price_discontinuity,High,unadjusted_price_discontinuity_ex_rights_or_corporate_action; nearest/event trading date 2016-05-17 differs from label date 2016-05-13
2017-04-24,002478,002478.SZ,常宝股份,-0.5746606334841633,0.5746606334841633,2010-09-21,,2407.0,,主板,SZSE,上市,002478.SZ.csv,True,True,2010-09-21,2017-04-24,15.23,-1.99,2017-04-26,002478.SZ,6.51,6.7,6.27,6.27,6.97,14.94,-0.5334672021419009,-10.04,-0.5803212851405622,10.04,182234.9,116911.817,3.0172,2017-04-25,2017-04-27,0,0,1517,False,-0.5883125410374261,True,10,corporate_action_unadjusted_price_discontinuity,High,unadjusted_price_discontinuity_ex_rights_or_corporate_action; label_matches_local_raw_move; nearest/event trading date 2017-04-26 differs from label date 2017-04-24
2016-05-05,002509,002509.SZ,天茂退(退),-0.5739865705048498,0.5739865705048498,2010-11-23,2020-07-20,1990.0,,主板,SZSE,退市,002509.SZ.csv,True,True,2010-11-23,2016-05-05,20.0,4.28,2016-05-09,002509.SZ,8.48,8.87,8.3,8.4,8.84,19.5,-0.5466666666666666,-4.98,-0.5692307692307692,4.98,230154.45,198188.8329,3.6391,2016-05-06,2016-05-10,0,0,1143,False,-0.58,True,10,corporate_action_unadjusted_price_discontinuity,High,unadjusted_price_discontinuity_ex_rights_or_corporate_action; label_matches_local_raw_move; nearest/event trading date 2016-05-09 differs from label date 2016-05-05
2016-07-28,601880,601880.SH,辽港股份,-0.5739058629232039,0.5739058629232039,2010-12-06,,2061.0,,主板,SSE,上市,601880.SH.csv,True,True,2010-12-06,2016-07-28,6.04,0.33,2016-08-01,601880.SH,2.56,2.62,2.47,2.49,2.55,5.95,-0.5714285714285714,-2.35,-0.5815126050420167,2.35,542637.42,138294.966,1.6134,2016-07-29,2016-08-02,0,0,1370,False,-0.5877483443708609,True,10,corporate_action_unadjusted_price_discontinuity,High,unadjusted_price_discontinuity_ex_rights_or_corporate_action; label_matches_local_raw_move; nearest/event trading date 2016-08-01 differs from label date 2016-07-28
2016-05-19,600370,600370.SH,*ST三房,-0.5708380308154832,0.5708380308154832,2003-03-06,,4823.0,,主板,SSE,上市,600370.SH.csv,True,True,2003-03-06,2016-05-19,13.39,1.59,2016-05-23,600370.SH,5.5,5.77,5.5,5.59,5.45,13.64,-0.6004398826979472,2.57,-0.5901759530791789,2.57,129020.2,72341.639,4.0458,2016-05-20,2016-05-24,0,0,3086,False,-0.5825242718446602,True,10,corporate_action_unadjusted_price_discontinuity,High,unadjusted_price_discontinuity_ex_rights_or_corporate_action; label_matches_local_raw_move; nearest/event trading date 2016-05-23 differs from label date 2016-05-19
2024-11-25,603395,603395.SH,红四方,0.5703728585824656,0.5703728585824656,2024-11-26,,,1.0,主板,SSE,上市,603395.SH.csv,True,True,2024-11-26,2024-11-26,160.99,1917.4185,2024-11-27,603395.SH,90.0,108.0,75.0,81.0,160.99,160.99,0.0,-49.6863,-0.49686315920243496,49.6863,330435.89,2961171.649,81.8933,2024-11-26,2024-11-28,0,0,1,False,-0.49686315920243496,False,10,new_listing_label_shift,Medium,new_listing_first_days; label_shifted_before_listing_event; single_day_raw_price_jump_20_to_50pct; nearest/event trading date 2024-11-27 differs from label date 2024-11-25
2016-06-03,002408,002408.SZ,齐翔腾达,-0.5690586419753086,0.5690586419753086,2010-05-18,,2208.0,,主板,SZSE,上市,002408.SZ.csv,True,True,2010-05-18,2016-06-03,12.88,1.9,2016-06-07,002408.SZ,5.68,5.9,5.55,5.7,5.7,12.73,-0.5522388059701493,0.0,-0.5522388059701493,0.0,400604.78,228976.6719,2.4438,2016-06-06,2016-06-08,0,0,1409,False,-0.5574534161490683,True,10,corporate_action_unadjusted_price_discontinuity,High,unadjusted_price_discontinuity_ex_rights_or_corporate_action; label_matches_local_raw_move; nearest/event trading date 2016-06-07 differs from label date 2016-06-03
2016-05-04,600298,600298.SH,安琪酵母,-0.5673819742489271,0.5673819742489271,2000-08-18,,5738.0,,主板,SSE,上市,600298.SH.csv,True,True,2000-08-18,2016-05-04,40.99,-0.34,2016-05-06,600298.SH,17.2,17.78,15.85,16.22,17.05,42.92,-0.6027493010251631,-4.87,-0.6220876048462256,4.87,227657.79,383454.999,7.0202,2016-05-05,2016-05-09,0,0,3730,False,-0.6042937301780923,False,10,corporate_action_unadjusted_price_discontinuity,High,unadjusted_price_discontinuity_ex_rights_or_corporate_action; nearest/event trading date 2016-05-06 differs from label date 2016-05-04
2017-04-18,603600,603600.SH,永艺股份,-0.5672594142259414,0.5672594142259414,2015-01-23,,816.0,,主板,SSE,上市,603600.SH.csv,True,True,2015-01-23,2017-04-18,48.57,0.85,2017-04-20,603600.SH,20.03,21.66,19.8,20.11,19.76,49.99,-0.6047209441888377,1.77,-0.5977195439087818,1.77,52314.8,107541.005,12.4931,2017-04-19,2017-04-21,0,0,532,False,-0.5859584105414866,True,10,corporate_action_unadjusted_price_discontinuity,High,unadjusted_price_discontinuity_ex_rights_or_corporate_action; label_matches_local_raw_move; nearest/event trading date 2017-04-20 differs from label date 2017-04-18
2019-05-09,002831,002831.SZ,裕同科技,-0.5670918619598544,0.5670918619598544,2016-12-16,,874.0,,主板,SZSE,上市,002831.SZ.csv,True,True,2016-12-16,2019-05-09,49.5,-1.5709,2019-05-13,002831.SZ,22.38,22.38,20.85,21.08,22.89,50.78,-0.5492319810949193,-7.9074,-0.5848759354076408,7.9074,73465.62,158253.422,2.8285,2019-05-10,2019-05-14,0,0,582,False,-0.5741414141414142,True,10,corporate_action_unadjusted_price_discontinuity,High,unadjusted_price_discontinuity_ex_rights_or_corporate_action; label_matches_local_raw_move; nearest/event trading date 2019-05-13 differs from label date 2019-05-09
2016-06-14,600313,600313.SH,农发种业,-0.5656297420333837,0.5656297420333837,2001-01-19,,5625.0,,主板,SSE,上市,600313.SH.csv,True,True,2001-01-19,2016-06-14,13.21,1.54,2016-06-16,600313.SH,5.7,5.79,5.47,5.57,5.59,14.03,-0.6015680684248039,-0.36,-0.6029935851746258,0.36,163628.65,92058.74,4.4551,2016-06-15,2016-06-17,0,0,2949,False,-0.5783497350492052,True,10,corporate_action_unadjusted_price_discontinuity,High,unadjusted_price_discontinuity_ex_rights_or_corporate_action; label_matches_local_raw_move; nearest/event trading date 2016-06-16 differs from label date 2016-06-14
2016-05-31,002619,002619.SZ,*ST艾格(退),-0.5646241627387744,0.5646241627387744,2011-09-29,2022-04-28,1706.0,,主板,SZSE,退市,002619.SZ.csv,True,True,2011-09-29,2016-05-31,40.55,-2.29,2016-06-02,002619.SZ,17.4,17.8,16.91,17.22,17.54,43.85,-0.6000000000000001,-1.82,-0.6072976054732042,1.82,264757.02,458820.6289,9.6333,2016-06-01,2016-06-03,0,0,901,False,-0.5753390875462392,True,10,corporate_action_unadjusted_price_discontinuity,High,unadjusted_price_discontinuity_ex_rights_or_corporate_action; label_matches_local_raw_move; nearest/event trading date 2016-06-02 differs from label date 2016-05-31
2017-05-11,002589,002589.SZ,瑞康医药,-0.5634962805526038,0.5634962805526038,2011-06-10,,2162.0,,主板,SZSE,上市,002589.SZ.csv,True,True,2011-06-10,2017-05-11,38.02,-0.21,2017-05-15,002589.SZ,16.43,16.88,16.22,16.44,16.43,37.88,-0.5662618796198522,0.06,-0.5659978880675818,0.06,60435.78,100436.316,0.868,2017-05-12,2017-05-16,0,0,1324,False,-0.5675960021041557,True,10,corporate_action_unadjusted_price_discontinuity,High,unadjusted_price_discontinuity_ex_rights_or_corporate_action; label_matches_local_raw_move; nearest/event trading date 2017-05-15 differs from label date 2017-05-11
2016-05-12,600176,600176.SH,中国巨石,-0.5609526055175665,0.5609526055175665,1999-04-22,,6230.0,,主板,SSE,上市,600176.SH.csv,True,True,1999-04-22,2016-05-12,21.14,-1.12,2016-05-16,600176.SH,9.26,9.35,9.05,9.33,9.26,20.69,-0.5524407926534558,0.76,-0.5490575157080715,0.76,66887.5,61814.269,0.7665,2016-05-13,2016-05-17,0,0,4022,False,-0.5586565752128666,True,10,corporate_action_unadjusted_price_discontinuity,High,unadjusted_price_discontinuity_ex_rights_or_corporate_action; label_matches_local_raw_move; nearest/event trading date 2016-05-16 differs from label date 2016-05-12
2016-05-27,603022,603022.SH,新通联,-0.5601926163723916,0.5601926163723916,2015-05-18,,375.0,,主板,SSE,上市,603022.SH.csv,True,True,2015-05-18,2016-05-27,50.83,-0.14,2016-05-31,603022.SH,20.12,21.92,20.12,21.92,19.93,49.94,-0.6009211053263916,9.98,-0.5610732879455346,9.98,10203.43,22287.402,3.9244,2016-05-30,2016-06-01,0,0,253,False,-0.5687586071217785,True,10,corporate_action_unadjusted_price_discontinuity,High,unadjusted_price_discontinuity_ex_rights_or_corporate_action; label_matches_local_raw_move; nearest/event trading date 2016-05-31 differs from label date 2016-05-27
2016-04-28,300277,300277.SZ,汽轮科技,-0.5583182640144664,0.5583182640144664,2011-11-23,,1618.0,,创业板,SZSE,上市,300277.SZ.csv,True,True,2011-11-23,2016-04-28,32.55,-0.73,2016-05-03,300277.SZ,14.7,15.74,14.35,15.19,14.31,35.81,-0.6003909522479755,6.15,-0.575816810946663,6.15,224019.22,334671.8758,6.7021,2016-04-29,2016-05-04,0,0,1032,False,-0.5333333333333333,False,10,corporate_action_unadjusted_price_discontinuity,High,unadjusted_price_discontinuity_ex_rights_or_corporate_action; nearest/event trading date 2016-05-03 differs from label date 2016-04-28
2016-05-20,002692,002692.SZ,远程股份,-0.556834532374101,0.556834532374101,2012-08-08,,1381.0,,主板,SZSE,上市,002692.SZ.csv,True,True,2012-08-08,2016-05-20,17.17,0.53,2016-05-24,002692.SZ,7.85,7.85,7.4,7.47,7.91,17.55,-0.5492877492877493,-5.56,-0.5743589743589743,5.56,68080.83,51285.3248,1.5335,2016-05-23,2016-05-25,0,0,910,False,-0.5649388468258592,True,10,corporate_action_unadjusted_price_discontinuity,High,unadjusted_price_discontinuity_ex_rights_or_corporate_action; label_matches_local_raw_move; nearest/event trading date 2016-05-24 differs from label date 2016-05-20
2016-05-19,603703,603703.SH,盛洋科技,-0.5560456872784557,0.5560456872784557,2015-04-23,,392.0,,主板,SSE,上市,603703.SH.csv,True,True,2015-04-23,2016-05-19,64.98,10.01,2016-05-23,603703.SH,26.76,29.28,26.35,28.33,26.76,67.28,-0.6022592152199762,5.87,-0.5789239001189062,5.87,74377.64,207843.037,19.3856,2016-05-20,2016-05-24,0,0,265,False,-0.5640196983687289,True,10,corporate_action_unadjusted_price_discontinuity,High,unadjusted_price_discontinuity_ex_rights_or_corporate_action; label_matches_local_raw_move; nearest/event trading date 2016-05-23 differs from label date 2016-05-19
2016-05-03,603718,603718.SH,*ST海利,-0.5555035128805622,0.5555035128805622,2015-05-15,,354.0,,主板,SSE,上市,603718.SH.csv,True,True,2015-05-15,2016-05-03,42.89,3.1,2016-05-05,603718.SH,18.99,20.9,18.18,20.9,19.0,43.79,-0.5661109842429779,10.0,-0.5227220826672756,10.0,56581.12,115517.148,8.083,2016-05-04,2016-05-06,0,0,235,False,-0.5127069246910703,False,10,corporate_action_unadjusted_price_discontinuity,High,unadjusted_price_discontinuity_ex_rights_or_corporate_action; nearest/event trading date 2016-05-05 differs from label date 2016-05-03
2016-04-18,002730,002730.SZ,电光科技,-0.5547643268904712,0.5547643268904712,2014-10-09,,557.0,,主板,SZSE,上市,002730.SZ.csv,True,True,2014-10-09,2016-04-18,44.04,-1.14,2016-04-20,002730.SZ,19.24,20.18,17.3,18.37,19.19,42.31,-0.546442921295202,-4.27,-0.5658236823445995,4.27,135143.84,255686.4732,13.1624,2016-04-19,2016-04-21,0,0,248,False,-0.5828792007266121,False,10,corporate_action_unadjusted_price_discontinuity,High,unadjusted_price_discontinuity_ex_rights_or_corporate_action; nearest/event trading date 2016-04-20 differs from label date 2016-04-18
2016-05-11,002709,002709.SZ,天赐材料,-0.5538899354683554,0.5538899354683554,2014-01-23,,839.0,,主板,SZSE,上市,002709.SZ.csv,True,True,2014-01-23,2016-05-11,126.2,-1.41,2016-05-13,002709.SZ,56.0,61.01,55.0,57.81,55.46,138.82,-0.6004898429621092,4.24,-0.5835614464774528,4.24,419099.07,2437246.0448,29.2782,2016-05-12,2016-05-16,0,0,534,False,-0.5419175911251981,True,10,corporate_action_unadjusted_price_discontinuity,High,unadjusted_price_discontinuity_ex_rights_or_corporate_action; label_matches_local_raw_move; nearest/event trading date 2016-05-13 differs from label date 2016-05-11
2016-05-10,002743,002743.SZ,富煌钢构,-0.552309782608696,0.552309782608696,2015-02-17,,448.0,,主板,SZSE,上市,002743.SZ.csv,True,True,2015-02-17,2016-05-10,29.48,2.11,2016-05-12,002743.SZ,14.1,14.1,12.96,13.73,14.16,28.38,-0.5010570824524312,-3.04,-0.5162085976039463,3.04,42925.8,57618.0382,3.8644,2016-05-11,2016-05-13,0,0,277,False,-0.5342605156037992,True,10,corporate_action_unadjusted_price_discontinuity,High,unadjusted_price_discontinuity_ex_rights_or_corporate_action; label_matches_local_raw_move; nearest/event trading date 2016-05-12 differs from label date 2016-05-10
2016-09-27,300198,300198.SZ,*ST纳川,-0.5517909002904163,0.5517909002904163,2011-04-07,,2000.0,,创业板,SZSE,上市,300198.SZ.csv,True,True,2011-04-07,2016-09-27,15.54,3.26,2016-09-29,300198.SZ,7.05,7.05,6.75,6.8,6.98,15.35,-0.5452768729641693,-2.58,-0.5570032573289903,2.58,81852.12,56083.5386,1.0824,2016-09-28,2016-09-30,0,0,1278,False,-0.5624195624195625,True,10,corporate_action_unadjusted_price_discontinuity,High,unadjusted_price_discontinuity_ex_rights_or_corporate_action; label_matches_local_raw_move; nearest/event trading date 2016-09-29 differs from label date 2016-09-27
2017-06-01,000591,000591.SZ,太阳能,-0.551390568319226,0.551390568319226,1996-02-08,,7784.0,,主板,SZSE,上市,000591.SZ.csv,True,True,1996-02-08,2017-06-01,12.53,-0.16,2017-06-05,000591.SZ,5.49,5.64,5.47,5.5,5.58,12.33,-0.5474452554744526,-1.43,-0.5539334955393349,1.43,75736.2,41833.847,0.7256,2017-06-02,2017-06-06,0,0,4957,False,-0.5610534716679968,True,10,corporate_action_unadjusted_price_discontinuity,High,unadjusted_price_discontinuity_ex_rights_or_corporate_action; label_matches_local_raw_move; nearest/event trading date 2017-06-05 differs from label date 2017-06-01
2017-06-02,603118,603118.SH,共进股份,-0.5510890454836644,0.5510890454836644,2015-02-25,,828.0,,主板,SSE,上市,603118.SH.csv,True,True,2015-02-25,2017-06-02,31.13,3.25,2017-06-06,603118.SH,14.0,14.21,13.8,14.04,14.01,31.13,-0.5499518149694829,0.21,-0.5489881143591391,0.21,21231.0,29745.941,1.7314,2017-06-05,2017-06-07,0,0,524,False,-0.5489881143591391,True,10,corporate_action_unadjusted_price_discontinuity,High,unadjusted_price_discontinuity_ex_rights_or_corporate_action; label_matches_local_raw_move; nearest/event trading date 2017-06-06 differs from label date 2017-06-02
2017-05-25,300526,300526.SZ,中潜退(退),-0.5507497116493656,0.5507497116493656,2016-08-02,2023-07-12,296.0,,创业板,SZSE,退市,300526.SZ.csv,True,True,2016-08-02,2017-05-25,96.33,-10.0,2017-05-31,300526.SZ,38.95,39.95,38.95,38.95,43.28,86.7,-0.50080738177624,-10.0,-0.5507497116493656,10.0,107847.15,420705.289,25.3758,2017-05-26,2017-06-01,0,0,62,False,-0.5956607495069033,False,10,corporate_action_unadjusted_price_discontinuity,High,unadjusted_price_discontinuity_ex_rights_or_corporate_action; nearest/event trading date 2017-05-31 differs from label date 2017-05-25
2016-04-14,002374,002374.SZ,中锐股份,-0.5506440281030442,0.5506440281030442,2010-03-18,,2219.0,,主板,SZSE,上市,002374.SZ.csv,True,True,2010-03-18,2016-04-14,17.24,1.59,2016-04-18,002374.SZ,7.7,7.95,7.51,7.6,7.69,16.96,-0.5465801886792453,-1.17,-0.5518867924528302,1.17,257980.68,199037.389,5.1264,2016-04-15,2016-04-19,0,0,1379,False,-0.5591647331786542,True,10,corporate_action_unadjusted_price_discontinuity,High,unadjusted_price_discontinuity_ex_rights_or_corporate_action; label_matches_local_raw_move; nearest/event trading date 2016-04-18 differs from label date 2016-04-14
2016-05-04,002431,002431.SZ,ST棕榈,-0.55048969942587,0.55048969942587,2010-06-10,,2155.0,,主板,SZSE,上市,002431.SZ.csv,True,True,2010-06-10,2016-05-04,29.45,4.14,2016-05-06,002431.SZ,13.0,14.14,12.52,13.16,12.96,32.4,-0.6,1.54,-0.5938271604938271,1.54,2925339.18,3871923.9162,32.949,2016-05-05,2016-05-09,0,0,1341,False,-0.5531409168081494,True,10,corporate_action_unadjusted_price_discontinuity,High,unadjusted_price_discontinuity_ex_rights_or_corporate_action; label_matches_local_raw_move; nearest/event trading date 2016-05-06 differs from label date 2016-05-04
2016-05-04,603369,603369.SH,今世缘,-0.5501912676427911,0.5501912676427911,2014-07-03,,671.0,,主板,SSE,上市,603369.SH.csv,True,True,2014-07-03,2016-05-04,37.9,-0.58,2016-05-06,603369.SH,16.95,17.17,15.08,15.27,16.26,41.05,-0.6038976857490864,-6.09,-0.6280146163215591,6.09,141255.95,230273.721,5.1875,2016-05-05,2016-05-09,0,0,447,False,-0.5970976253298153,False,10,corporate_action_unadjusted_price_discontinuity,High,unadjusted_price_discontinuity_ex_rights_or_corporate_action; nearest/event trading date 2016-05-06 differs from label date 2016-05-04
2017-05-12,002537,002537.SZ,海联金汇,-0.549641374103435,0.549641374103435,2011-01-10,,2314.0,,主板,SZSE,上市,002537.SZ.csv,True,True,2011-01-10,2017-05-12,26.29,0.0,2017-05-16,002537.SZ,11.93,11.97,11.41,11.92,11.93,26.3,-0.5463878326996198,-0.08,-0.546768060836502,0.08,34328.2,40260.222,0.5201,2017-05-15,2017-05-17,0,0,1386,False,-0.5465956637504754,True,10,corporate_action_unadjusted_price_discontinuity,High,unadjusted_price_discontinuity_ex_rights_or_corporate_action; label_matches_local_raw_move; nearest/event trading date 2017-05-16 differs from label date 2017-05-12
2016-05-30,300206,300206.SZ,理邦仪器,-0.5495548961424332,0.5495548961424332,2011-04-21,,1866.0,,创业板,SZSE,上市,300206.SZ.csv,True,True,2011-04-21,2016-05-30,25.05,-0.56,2016-06-01,300206.SZ,11.26,11.5,10.81,10.9,10.94,27.56,-0.6030478955007257,-0.37,-0.604499274310595,0.37,536295.91,595844.0008,15.7576,2016-05-31,2016-06-02,0,0,1239,False,-0.564870259481038,True,10,corporate_action_unadjusted_price_discontinuity,High,unadjusted_price_discontinuity_ex_rights_or_corporate_action; label_matches_local_raw_move; nearest/event trading date 2016-06-01 differs from label date 2016-05-30
2017-05-10,002148,002148.SZ,北纬科技,-0.5494964382215674,0.5494964382215674,2007-08-10,,3561.0,,主板,SZSE,上市,002148.SZ.csv,True,True,2007-08-10,2017-05-10,21.46,4.94,2017-05-12,002148.SZ,9.3,9.68,9.0,9.23,9.36,20.7,-0.5478260869565217,-1.39,-0.5541062801932366,1.39,183168.99,172079.989,4.1507,2017-05-11,2017-05-15,0,0,2284,False,-0.5698974836905871,False,10,corporate_action_unadjusted_price_discontinuity,High,unadjusted_price_discontinuity_ex_rights_or_corporate_action; nearest/event trading date 2017-05-12 differs from label date 2017-05-10
2018-05-21,300259,300259.SZ,新天科技,-0.5492760392340026,0.5492760392340026,2011-08-31,,2455.0,,创业板,SZSE,上市,300259.SZ.csv,True,True,2011-08-31,2018-05-21,10.87,0.37,2018-05-23,300259.SZ,4.72,4.85,4.4,4.44,4.79,10.64,-0.549812030075188,-7.31,-0.5827067669172932,7.31,242874.89,111331.724,3.358,2018-05-22,2018-05-24,0,0,1608,False,-0.591536338546458,False,10,corporate_action_unadjusted_price_discontinuity,High,unadjusted_price_discontinuity_ex_rights_or_corporate_action; nearest/event trading date 2018-05-23 differs from label date 2018-05-21
2016-09-27,603601,603601.SH,再升科技,-0.5492140266021759,0.5492140266021759,2015-01-22,,614.0,,主板,SSE,上市,603601.SH.csv,True,True,2015-01-22,2016-09-27,41.29,-0.82,2016-09-29,603601.SH,18.2,18.69,17.83,17.96,18.55,41.31,-0.550956184943113,-3.18,-0.5652384410554345,3.18,20579.64,37631.904,2.8961,2016-09-28,2016-09-30,0,0,401,False,-0.565027851780092,True,10,corporate_action_unadjusted_price_discontinuity,High,unadjusted_price_discontinuity_ex_rights_or_corporate_action; label_matches_local_raw_move; nearest/event trading date 2016-09-29 differs from label date 2016-09-27
2016-06-06,002782,002782.SZ,可立克,-0.5475316197470419,0.5475316197470419,2015-12-22,,167.0,,主板,SZSE,上市,002782.SZ.csv,True,True,2015-12-22,2016-06-06,82.94,10.0,2016-06-08,002782.SZ,37.15,40.1,37.1,38.19,36.45,91.23,-0.6004603748766852,4.77,-0.5813877014140085,4.77,531382.11,2046063.7903,49.895,2016-06-07,2016-06-13,0,0,113,False,-0.5395466602363155,True,10,corporate_action_unadjusted_price_discontinuity,High,unadjusted_price_discontinuity_ex_rights_or_corporate_action; label_matches_local_raw_move; nearest/event trading date 2016-06-08 differs from label date 2016-06-06
2022-05-23,301077,301077.SZ,星华新材,-0.5467140012122259,0.5467140012122259,2021-09-30,,235.0,,创业板,SZSE,上市,301077.SZ.csv,True,True,2021-09-30,2022-05-23,58.8,-2.0163,2022-05-25,301077.SZ,26.8,26.8,25.5,25.78,27.45,56.9,-0.5175746924428822,-6.0838,-0.5469244288224956,6.0838,28572.0,74219.048,9.524,2022-05-24,2022-05-26,0,0,153,False,-0.5615646258503402,True,10,corporate_action_unadjusted_price_discontinuity,High,unadjusted_price_discontinuity_ex_rights_or_corporate_action; label_matches_local_raw_move; nearest/event trading date 2022-05-25 differs from label date 2022-05-23
2018-06-14,002887,002887.SZ,绿茵生态,-0.5463893433045107,0.5463893433045107,2017-08-01,,317.0,,主板,SZSE,上市,002887.SZ.csv,True,True,2017-08-01,2018-06-14,63.67,-2.24,2018-06-19,002887.SZ,29.01,29.99,27.45,28.0,30.5,61.6,-0.5048701298701299,-8.2,-0.5454545454545454,8.2,21483.6,59978.385,5.3709,2018-06-15,2018-06-20,0,0,214,False,-0.5602324485629024,True,10,corporate_action_unadjusted_price_discontinuity,High,unadjusted_price_discontinuity_ex_rights_or_corporate_action; label_matches_local_raw_move; nearest/event trading date 2018-06-19 differs from label date 2018-06-14
2016-05-10,300490,300490.SZ,华自科技,-0.5457023264869073,0.5457023264869073,2015-12-31,,131.0,,创业板,SZSE,上市,300490.SZ.csv,True,True,2015-12-31,2016-05-10,54.2,0.72,2016-05-12,300490.SZ,25.0,26.1,23.32,24.0,25.91,52.02,-0.501922337562476,-7.37,-0.5386389850057671,7.37,155300.81,380376.3188,31.0602,2016-05-11,2016-05-13,0,0,87,False,-0.5571955719557196,True,10,corporate_action_unadjusted_price_discontinuity,High,unadjusted_price_discontinuity_ex_rights_or_corporate_action; label_matches_local_raw_move; nearest/event trading date 2016-05-12 differs from label date 2016-05-10
2017-04-24,002056,002056.SZ,横店东磁,-0.5452716297786719,0.5452716297786719,2006-08-02,,3918.0,,主板,SZSE,上市,002056.SZ.csv,True,True,2006-08-02,2017-04-24,14.69,-5.35,2017-04-26,002056.SZ,6.8,6.98,6.52,6.53,7.24,14.53,-0.5017205781142464,-9.81,-0.5505849965588437,9.81,565728.85,377779.185,3.4429,2017-04-25,2017-04-27,0,0,2584,False,-0.5554799183117767,True,10,corporate_action_unadjusted_price_discontinuity,High,unadjusted_price_discontinuity_ex_rights_or_corporate_action; label_matches_local_raw_move; nearest/event trading date 2017-04-26 differs from label date 2017-04-24
2017-05-09,300539,300539.SZ,横河精密,-0.5446968832058455,0.5446968832058455,2016-08-30,,252.0,,创业板,SZSE,上市,300539.SZ.csv,True,True,2016-08-30,2017-05-09,43.05,4.36,2017-05-11,300539.SZ,20.8,20.8,19.34,20.07,21.49,47.36,-0.5462415540540541,-6.61,-0.5762246621621622,6.61,173202.15,343403.406,33.1487,2017-05-10,2017-05-12,0,0,166,False,-0.5337979094076655,True,10,corporate_action_unadjusted_price_discontinuity,High,unadjusted_price_discontinuity_ex_rights_or_corporate_action; label_matches_local_raw_move; nearest/event trading date 2017-05-11 differs from label date 2017-05-09
2016-06-20,300479,300479.SZ,神思电子,-0.5443666606833008,0.5443666606833008,2015-06-12,,374.0,,创业板,SZSE,上市,300479.SZ.csv,True,True,2015-06-12,2016-06-20,83.08,1.37,2016-06-22,300479.SZ,37.5,39.95,37.42,39.19,38.6,77.5,-0.5019354838709678,1.53,-0.4943225806451613,1.53,34389.75,133648.8957,3.9483,2016-06-21,2016-06-23,0,0,250,False,-0.5282859894077998,True,10,corporate_action_unadjusted_price_discontinuity,High,unadjusted_price_discontinuity_ex_rights_or_corporate_action; label_matches_local_raw_move; nearest/event trading date 2016-06-22 differs from label date 2016-06-20
2016-04-22,603010,603010.SH,XD万盛股,-0.5442411194833154,0.5442411194833154,2014-10-10,,560.0,,主板,SSE,上市,603010.SH.csv,True,True,2014-10-10,2016-04-22,46.63,-0.19,2016-04-26,603010.SH,21.0,21.56,20.32,20.69,21.23,46.93,-0.5476241210313233,-2.54,-0.5591306200724483,2.54,19957.23,41321.12,4.1895,2016-04-25,2016-04-27,0,0,241,False,-0.5562942311816428,True,10,corporate_action_unadjusted_price_discontinuity,High,unadjusted_price_discontinuity_ex_rights_or_corporate_action; label_matches_local_raw_move; nearest/event trading date 2016-04-26 differs from label date 2016-04-22
2017-05-26,002793,002793.SZ,罗欣药业,-0.5438181818181808,0.5438181818181808,2016-04-15,,406.0,,主板,SZSE,上市,002793.SZ.csv,True,True,2016-04-15,2017-05-26,52.45,1.37,2017-06-01,002793.SZ,24.98,25.67,23.57,23.57,26.19,52.98,-0.5056625141562854,-10.0,-0.5551151377878445,10.0,30107.9,72360.642,4.626,2017-05-31,2017-06-02,0,0,273,False,-0.5506196377502384,True,10,corporate_action_unadjusted_price_discontinuity,High,unadjusted_price_discontinuity_ex_rights_or_corporate_action; label_matches_local_raw_move; nearest/event trading date 2017-06-01 differs from label date 2017-05-26
2016-04-08,300024,300024.SZ,机器人,-0.5438032470663878,0.5438032470663878,2009-10-30,,2352.0,,创业板,SZSE,上市,300024.SZ.csv,True,True,2009-10-30,2016-04-08,61.73,-2.79,2016-04-12,300024.SZ,28.1,28.66,26.9,27.56,28.01,61.73,-0.5462497975052648,-1.61,-0.5535396079701927,1.61,624446.96,1736958.6966,4.4782,2016-04-11,2016-04-13,0,0,1556,False,-0.5535396079701927,True,10,corporate_action_unadjusted_price_discontinuity,High,unadjusted_price_discontinuity_ex_rights_or_corporate_action; label_matches_local_raw_move; nearest/event trading date 2016-04-12 differs from label date 2016-04-08
2020-04-27,300765,300765.SZ,新诺威,-0.543728602552132,0.543728602552132,2019-03-22,,402.0,,创业板,SZSE,上市,300765.SZ.csv,True,True,2019-03-22,2020-04-27,48.84,0.082,2020-04-29,300765.SZ,22.01,23.25,21.7,22.34,22.32,47.01,-0.5252074026802808,0.0896,-0.524781961284833,0.0896,117113.77,264926.621,11.1537,2020-04-28,2020-04-30,0,0,269,False,-0.5425880425880426,True,10,corporate_action_unadjusted_price_discontinuity,High,unadjusted_price_discontinuity_ex_rights_or_corporate_action; label_matches_local_raw_move; nearest/event trading date 2020-04-29 differs from label date 2020-04-27
2016-07-12,300094,300094.SZ,国联水产,-0.5427435387673956,0.5427435387673956,2010-07-08,,2196.0,,创业板,SZSE,上市,300094.SZ.csv,True,True,2010-07-08,2016-07-12,14.99,1.22,2016-07-14,300094.SZ,6.95,6.99,6.65,6.75,6.92,15.28,-0.5471204188481675,-2.46,-0.5582460732984293,2.46,282716.07,191276.3384,3.7914,2016-07-13,2016-07-15,0,0,1349,False,-0.5496997998665778,True,10,corporate_action_unadjusted_price_discontinuity,High,unadjusted_price_discontinuity_ex_rights_or_corporate_action; label_matches_local_raw_move; nearest/event trading date 2016-07-14 differs from label date 2016-07-12
2016-06-08,300250,300250.SZ,初灵信息,-0.5420249166520442,0.5420249166520442,2011-08-03,,1771.0,,创业板,SZSE,上市,300250.SZ.csv,True,True,2011-08-03,2016-06-08,57.88,-3.05,2016-06-14,300250.SZ,26.0,26.48,24.85,25.41,26.35,52.75,-0.500473933649289,-3.57,-0.5182938388625593,3.57,42955.0,109534.0606,4.0001,2016-06-13,2016-06-15,0,0,1058,False,-0.5609882515549413,True,10,corporate_action_unadjusted_price_discontinuity,High,unadjusted_price_discontinuity_ex_rights_or_corporate_action; label_matches_local_raw_move; nearest/event trading date 2016-06-14 differs from label date 2016-06-08
2016-05-24,300409,300409.SZ,道氏技术,-0.5410098114871572,0.5410098114871572,2014-12-03,,538.0,,创业板,SZSE,上市,300409.SZ.csv,True,True,2014-12-03,2016-05-24,90.02,-0.09,2016-05-26,300409.SZ,42.42,43.79,41.25,42.7,42.93,86.0,-0.5008139534883721,-0.54,-0.5034883720930232,0.54,25930.74,109689.2486,2.9313,2016-05-25,2016-05-27,0,0,348,False,-0.5256609642301711,True,10,corporate_action_unadjusted_price_discontinuity,High,unadjusted_price_discontinuity_ex_rights_or_corporate_action; label_matches_local_raw_move; nearest/event trading date 2016-05-26 differs from label date 2016-05-24
2016-06-08,300048,300048.SZ,合康新能,-0.5402271079971007,0.5402271079971007,2010-01-20,,2331.0,,创业板,SZSE,上市,300048.SZ.csv,True,True,2010-01-20,2016-06-08,20.87,0.43,2016-06-14,300048.SZ,9.47,9.6,9.01,9.24,9.48,19.0,-0.5010526315789474,-2.53,-0.5136842105263157,2.53,319336.19,296083.295,5.0969,2016-06-13,2016-06-15,0,0,1467,False,-0.5572592237661715,True,10,corporate_action_unadjusted_price_discontinuity,High,unadjusted_price_discontinuity_ex_rights_or_corporate_action; label_matches_local_raw_move; nearest/event trading date 2016-06-14 differs from label date 2016-06-08
2018-04-23,603716,603716.SH,塞力医疗,-0.5394306282722509,0.5394306282722509,2016-10-31,,539.0,,主板,SSE,上市,603716.SH.csv,True,True,2016-10-31,2018-04-23,61.18,-1.21,2018-04-25,603716.SH,27.61,29.57,27.3,28.8,26.88,67.3,-0.600594353640416,7.14,-0.5720653789004457,7.14,51472.52,146148.339,13.6526,2018-04-24,2018-04-26,0,0,351,False,-0.5292579274272637,True,10,corporate_action_unadjusted_price_discontinuity,High,unadjusted_price_discontinuity_ex_rights_or_corporate_action; label_matches_local_raw_move; nearest/event trading date 2018-04-25 differs from label date 2018-04-23
2016-05-10,000552,000552.SZ,甘肃能化,-0.5391969407265774,0.5391969407265774,1994-01-06,,8160.0,,主板,SZSE,上市,000552.SZ.csv,True,True,1994-01-06,2016-05-10,7.82,1.56,2016-05-12,000552.SZ,3.75,3.75,3.58,3.66,3.77,7.58,-0.5026385224274406,-2.92,-0.5171503957783641,2.92,246181.84,89744.5011,1.5807,2016-05-11,2016-05-13,0,0,5083,False,-0.5319693094629157,True,10,corporate_action_unadjusted_price_discontinuity,High,unadjusted_price_discontinuity_ex_rights_or_corporate_action; label_matches_local_raw_move; nearest/event trading date 2016-05-12 differs from label date 2016-05-10
2018-05-24,300628,300628.SZ,亿联网络,-0.5386938963128347,0.5386938963128347,2017-03-17,,433.0,,创业板,SZSE,上市,300628.SZ.csv,True,True,2017-03-17,2018-05-24,151.78,-0.62,2018-05-28,300628.SZ,71.1,71.68,67.2,69.12,71.6,144.8,-0.5055248618784531,-3.46,-0.5226519337016575,3.46,30451.52,210746.116,4.0776,2018-05-25,2018-05-29,0,0,291,False,-0.5446040321517986,True,10,corporate_action_unadjusted_price_discontinuity,High,unadjusted_price_discontinuity_ex_rights_or_corporate_action; label_matches_local_raw_move; nearest/event trading date 2018-05-28 differs from label date 2018-05-24
2017-04-17,002662,002662.SZ,峰璟股份,-0.5386460554370995,0.5386460554370995,2012-03-09,,1865.0,,主板,SZSE,上市,002662.SZ.csv,True,True,2012-03-09,2017-04-17,18.7,0.65,2017-04-19,002662.SZ,8.72,8.86,8.02,8.39,8.88,18.1,-0.5093922651933702,-5.52,-0.53646408839779,5.52,160525.16,135018.807,1.3074,2017-04-18,2017-04-20,0,0,1113,False,-0.5513368983957219,True,10,corporate_action_unadjusted_price_discontinuity,High,unadjusted_price_discontinuity_ex_rights_or_corporate_action; label_matches_local_raw_move; nearest/event trading date 2017-04-19 differs from label date 2017-04-17
2017-04-11,002829,002829.SZ,星网宇达,-0.5377016446849876,0.5377016446849876,2016-12-13,,119.0,,主板,SZSE,上市,002829.SZ.csv,True,True,2016-12-13,2017-04-11,93.81,6.06,2017-04-13,002829.SZ,44.21,45.43,40.68,42.5,44.9,90.0,-0.5011111111111111,-5.35,-0.5277777777777778,5.35,45084.42,195001.914,11.8643,2017-04-12,2017-04-14,0,0,79,False,-0.5469566144334292,True,10,corporate_action_unadjusted_price_discontinuity,High,unadjusted_price_discontinuity_ex_rights_or_corporate_action; label_matches_local_raw_move; nearest/event trading date 2017-04-13 differs from label date 2017-04-11
2016-04-06,002258,002258.SZ,利尔化学,-0.5376933620520854,0.5376933620520854,2008-07-08,,2829.0,,主板,SZSE,上市,002258.SZ.csv,True,True,2008-07-08,2016-04-06,26.09,7.45,2016-04-08,002258.SZ,12.0,12.0,11.03,11.28,12.26,24.71,-0.5038445973290167,-7.99,-0.5435046539862405,7.99,244195.47,277435.0651,4.6596,2016-04-07,2016-04-11,0,0,1844,False,-0.5676504407819087,False,10,corporate_action_unadjusted_price_discontinuity,High,unadjusted_price_discontinuity_ex_rights_or_corporate_action; nearest/event trading date 2016-04-08 differs from label date 2016-04-06
2018-04-16,002737,002737.SZ,葵花药业,-0.5368308858360964,0.5368308858360964,2014-12-30,,1203.0,,主板,SZSE,上市,002737.SZ.csv,True,True,2014-12-30,2018-04-16,42.5,1.43,2018-04-18,002737.SZ,19.75,20.68,18.73,20.28,19.7,40.4,-0.5123762376237624,2.94,-0.498019801980198,2.94,110941.14,219698.607,2.1468,2018-04-17,2018-04-19,0,0,803,False,-0.5228235294117647,True,10,corporate_action_unadjusted_price_discontinuity,High,unadjusted_price_discontinuity_ex_rights_or_corporate_action; label_matches_local_raw_move; nearest/event trading date 2018-04-18 differs from label date 2018-04-16
2017-03-02,600816,600816.SH,建元信托,-0.536786786786787,0.536786786786787,1994-01-28,,8434.0,,主板,SSE,上市,600816.SH.csv,True,True,1994-01-28,2017-03-02,26.6,-2.06,2017-03-06,600816.SH,12.5,12.57,12.0,12.05,12.37,27.81,-0.5551959726717008,-2.59,-0.5667026249550521,2.59,666434.93,812898.697,5.8703,2017-03-03,2017-03-07,0,0,5074,False,-0.5469924812030076,True,10,corporate_action_unadjusted_price_discontinuity,High,unadjusted_price_discontinuity_ex_rights_or_corporate_action; label_matches_local_raw_move; nearest/event trading date 2017-03-06 differs from label date 2017-03-02
2017-07-03,603077,603077.SH,和邦生物,-0.5367286973555337,0.5367286973555337,2012-07-31,,1798.0,,主板,SSE,上市,603077.SH.csv,True,True,2012-07-31,2017-07-03,5.12,0.59,2017-07-05,603077.SH,2.34,2.56,2.34,2.45,2.34,5.16,-0.5465116279069768,4.7,-0.5251937984496124,4.7,1161344.54,285602.854,3.5062,2017-07-04,2017-07-06,0,0,1122,False,-0.521484375,True,10,corporate_action_unadjusted_price_discontinuity,High,unadjusted_price_discontinuity_ex_rights_or_corporate_action; label_matches_local_raw_move; nearest/event trading date 2017-07-05 differs from label date 2017-07-03
2016-05-25,002514,002514.SZ,*ST宝馨,-0.5366917889726299,0.5366917889726299,2010-12-03,,2000.0,,主板,SZSE,上市,002514.SZ.csv,True,True,2010-12-03,2016-05-25,25.95,-3.17,2016-05-27,002514.SZ,11.7,12.63,11.23,12.2,12.09,24.17,-0.49979313198179565,0.91,-0.4952420355812992,0.91,427356.41,506677.1906,12.4919,2016-05-26,2016-05-30,0,0,1096,False,-0.5298651252408477,True,10,corporate_action_unadjusted_price_discontinuity,High,unadjusted_price_discontinuity_ex_rights_or_corporate_action; label_matches_local_raw_move; nearest/event trading date 2016-05-27 differs from label date 2016-05-25
2017-06-06,603778,603778.SH,国晟科技,-0.5350410826486225,0.5350410826486225,2015-12-31,,523.0,,主板,SSE,上市,603778.SH.csv,True,True,2015-12-31,2017-06-06,29.89,-1.58,2017-06-08,603778.SH,14.43,14.43,14.43,14.43,13.12,32.88,-0.6009732360097324,9.98,-0.5611313868613139,9.98,62997.33,90905.147,6.9624,2017-06-07,2017-06-09,0,0,344,False,-0.5172298427567749,True,10,corporate_action_unadjusted_price_discontinuity,High,unadjusted_price_discontinuity_ex_rights_or_corporate_action; label_matches_local_raw_move; nearest/event trading date 2017-06-08 differs from label date 2017-06-06
2017-06-08,300549,300549.SZ,优德精密,-0.5335926736364371,0.5335926736364371,2016-09-30,,251.0,,创业板,SZSE,上市,300549.SZ.csv,True,True,2016-09-30,2017-06-08,62.77,2.4,2017-06-12,300549.SZ,29.24,29.48,27.32,27.32,30.35,60.89,-0.5015601905074725,-9.98,-0.5513220561668583,9.98,36377.68,102651.605,10.9111,2017-06-09,2017-06-13,0,0,165,False,-0.5647602357814243,False,10,corporate_action_unadjusted_price_discontinuity,High,unadjusted_price_discontinuity_ex_rights_or_corporate_action; nearest/event trading date 2017-06-12 differs from label date 2017-06-08
2019-07-03,000732,000732.SZ,ST泰禾(退),-0.5324404761904771,0.5324404761904771,1997-07-04,2023-08-04,8034.0,,主板,SZSE,退市,000732.SZ.csv,True,True,1997-07-04,2019-07-03,16.79,0.5389,2019-07-05,000732.SZ,7.82,7.98,7.55,7.76,8.29,16.79,-0.5062537224538416,-6.3932,-0.5378201310303752,6.3932,566623.42,438471.713,2.2792,2019-07-04,2019-07-08,0,0,4410,False,-0.5378201310303752,True,10,corporate_action_unadjusted_price_discontinuity,High,unadjusted_price_discontinuity_ex_rights_or_corporate_action; label_matches_local_raw_move; nearest/event trading date 2019-07-05 differs from label date 2019-07-03
2018-06-07,002398,002398.SZ,垒知集团,-0.5317788642346746,0.5317788642346746,2010-05-06,,2954.0,,主板,SZSE,上市,002398.SZ.csv,True,True,2010-05-06,2018-06-07,13.29,-1.41,2018-06-11,002398.SZ,6.41,6.41,6.03,6.11,6.44,13.08,-0.5076452599388379,-5.12,-0.532874617737003,5.12,57343.66,35383.169,1.0951,2018-06-08,2018-06-12,0,0,1842,False,-0.5402558314522197,True,10,corporate_action_unadjusted_price_discontinuity,High,unadjusted_price_discontinuity_ex_rights_or_corporate_action; label_matches_local_raw_move; nearest/event trading date 2018-06-11 differs from label date 2018-06-07
2018-05-28,300602,300602.SZ,飞荣达,-0.5316030534351148,0.5316030534351148,2017-01-26,,487.0,,创业板,SZSE,上市,300602.SZ.csv,True,True,2017-01-26,2018-05-28,67.15,0.74,2018-05-30,300602.SZ,31.65,32.27,30.05,30.61,32.51,65.11,-0.5006911380740287,-5.84,-0.5298725234219014,5.84,12656.51,39381.851,2.0534,2018-05-29,2018-05-31,0,0,324,False,-0.5441548771407297,True,10,corporate_action_unadjusted_price_discontinuity,High,unadjusted_price_discontinuity_ex_rights_or_corporate_action; label_matches_local_raw_move; nearest/event trading date 2018-05-30 differs from label date 2018-05-28
2018-06-12,300158,300158.SZ,振东制药,-0.531042561499413,0.531042561499413,2011-01-07,,2713.0,,创业板,SZSE,上市,300158.SZ.csv,True,True,2011-01-07,2018-06-12,12.81,-0.7,2018-06-14,300158.SZ,6.04,6.05,5.72,5.77,6.01,12.05,-0.5012448132780083,-3.99,-0.5211618257261412,3.99,74234.42,43499.662,0.8726,2018-06-13,2018-06-15,0,0,1665,False,-0.5495706479313037,True,10,corporate_action_unadjusted_price_discontinuity,High,unadjusted_price_discontinuity_ex_rights_or_corporate_action; label_matches_local_raw_move; nearest/event trading date 2018-06-14 differs from label date 2018-06-12
2016-05-13,002124,002124.SZ,天邦食品,-0.5306360630227582,0.5306360630227582,2007-04-03,,3328.0,,主板,SZSE,上市,002124.SZ.csv,True,True,2007-04-03,2016-05-13,25.85,2.09,2016-05-17,002124.SZ,12.36,12.37,11.43,11.52,12.23,27.1,-0.5487084870848709,-5.81,-0.5749077490774908,5.81,212244.28,249346.3309,6.9108,2016-05-16,2016-05-18,0,0,2158,False,-0.5543520309477756,False,10,corporate_action_unadjusted_price_discontinuity,High,unadjusted_price_discontinuity_ex_rights_or_corporate_action; nearest/event trading date 2016-05-17 differs from label date 2016-05-13
2017-04-21,300419,300419.SZ,ST浩丰,-0.5305446262166077,0.5305446262166077,2015-01-22,,820.0,,创业板,SZSE,上市,300419.SZ.csv,True,True,2015-01-22,2017-04-21,24.28,0.75,2017-04-25,300419.SZ,11.79,11.79,11.05,11.36,11.69,23.48,-0.502129471890971,-2.82,-0.51618398637138,2.82,34919.34,40057.742,1.7666,2017-04-24,2017-04-26,0,0,457,False,-0.5321252059308073,True,10,corporate_action_unadjusted_price_discontinuity,High,unadjusted_price_discontinuity_ex_rights_or_corporate_action; label_matches_local_raw_move; nearest/event trading date 2017-04-25 differs from label date 2017-04-21
2016-05-05,600422,600422.SH,昆药集团,-0.5303550973654061,0.5303550973654061,2000-12-06,,5629.0,,主板,SSE,上市,600422.SH.csv,True,True,2000-12-06,2016-05-05,30.45,2.01,2016-05-09,600422.SH,14.21,14.49,13.5,13.54,14.36,29.13,-0.5070374184689324,-5.71,-0.5351870923446619,5.71,83397.21,115606.347,2.4496,2016-05-06,2016-05-10,0,0,3630,False,-0.5553366174055829,False,10,corporate_action_unadjusted_price_discontinuity,High,unadjusted_price_discontinuity_ex_rights_or_corporate_action; nearest/event trading date 2016-05-09 differs from label date 2016-05-05
2016-03-25,002261,002261.SZ,拓维信息,-0.5303403330919624,0.5303403330919624,2008-07-23,,2802.0,,主板,SZSE,上市,002261.SZ.csv,True,True,2008-07-23,2016-03-25,33.91,-4.67,2016-03-29,002261.SZ,16.97,16.97,15.58,16.56,16.98,34.0,-0.5005882352941176,-2.47,-0.5129411764705882,2.47,557442.08,904040.0599,8.6639,2016-03-28,2016-03-30,0,0,1689,False,-0.5116484812739605,True,10,corporate_action_unadjusted_price_discontinuity,High,unadjusted_price_discontinuity_ex_rights_or_corporate_action; label_matches_local_raw_move; nearest/event trading date 2016-03-29 differs from label date 2016-03-25
2017-06-15,603328,603328.SH,依顿电子,-0.530276951963699,0.530276951963699,2014-07-01,,1080.0,,主板,SSE,上市,603328.SH.csv,True,True,2014-07-01,2017-06-15,31.85,0.89,2017-06-19,603328.SH,15.1,15.24,14.58,14.83,15.29,31.57,-0.5156794425087108,-3.01,-0.5302502375673108,3.01,61131.65,90786.038,6.2392,2017-06-16,2017-06-20,0,0,719,False,-0.5343799058084773,True,10,corporate_action_unadjusted_price_discontinuity,High,unadjusted_price_discontinuity_ex_rights_or_corporate_action; label_matches_local_raw_move; nearest/event trading date 2017-06-19 differs from label date 2017-06-15
2020-05-28,300773,300773.SZ,拉卡拉,-0.5295710120783007,0.5295710120783007,2019-04-25,,399.0,,创业板,SZSE,上市,300773.SZ.csv,True,True,2019-04-25,2020-05-28,71.2,-3.0633,2020-06-01,300773.SZ,35.07,35.5,33.21,35.19,35.02,72.04,-0.5138811771238201,0.4854,-0.5115213770127708,0.4854,140102.07,488837.702,3.6579,2020-05-29,2020-06-02,0,0,266,False,-0.5057584269662923,False,10,corporate_action_unadjusted_price_discontinuity,High,unadjusted_price_discontinuity_ex_rights_or_corporate_action; nearest/event trading date 2020-06-01 differs from label date 2020-05-28
2017-09-25,300571,300571.SZ,平治信息,-0.5295144952846664,0.5295144952846664,2016-12-13,,286.0,,创业板,SZSE,上市,300571.SZ.csv,True,True,2016-12-13,2017-09-25,144.5,-0.11,2017-09-27,300571.SZ,68.75,69.3,67.05,68.61,68.98,137.96,-0.5,-0.54,-0.5026819367932734,0.54,9928.04,67579.545,4.964,2017-09-26,2017-09-28,0,0,195,False,-0.5251903114186851,True,10,corporate_action_unadjusted_price_discontinuity,High,unadjusted_price_discontinuity_ex_rights_or_corporate_action; label_matches_local_raw_move; nearest/event trading date 2017-09-27 differs from label date 2017-09-25
2016-05-10,600136,600136.SH,ST明诚,-0.529442042413012,0.529442042413012,1998-03-03,,6643.0,,主板,SSE,上市,600136.SH.csv,True,True,1998-03-03,2016-05-10,48.37,0.02,2016-05-12,600136.SH,22.1,25.92,22.1,25.92,23.56,47.12,-0.5,10.02,-0.4499151103565364,10.02,30218.75,73061.329,2.5072,2016-05-11,2016-05-13,0,0,3918,False,-0.4641306594996898,False,10,corporate_action_unadjusted_price_discontinuity,High,unadjusted_price_discontinuity_ex_rights_or_corporate_action; nearest/event trading date 2016-05-12 differs from label date 2016-05-10
2018-06-29,300497,300497.SZ,富祥股份,-0.5292307692307693,0.5292307692307693,2015-12-22,,920.0,,创业板,SZSE,上市,300497.SZ.csv,True,True,2015-12-22,2018-06-29,38.44,4.74,2018-07-03,300497.SZ,18.56,18.58,17.53,18.2,18.46,37.42,-0.506680919294495,-1.41,-0.5136290753607697,1.41,24410.64,43934.692,1.9809,2018-07-02,2018-07-04,0,0,616,False,-0.5265348595213319,True,10,corporate_action_unadjusted_price_discontinuity,High,unadjusted_price_discontinuity_ex_rights_or_corporate_action; label_matches_local_raw_move; nearest/event trading date 2018-07-03 differs from label date 2018-06-29
2016-05-25,300480,300480.SZ,光力科技,-0.5287698412698413,0.5287698412698413,2015-07-02,,328.0,,创业板,SZSE,上市,300480.SZ.csv,True,True,2015-07-02,2016-05-25,48.99,3.79,2016-05-27,300480.SZ,24.25,26.18,23.5,25.0,24.72,49.38,-0.4993924665856623,1.13,-0.49372215471850955,1.13,109982.77,276658.9611,24.0141,2016-05-26,2016-05-30,0,0,221,False,-0.4896917738313942,False,10,corporate_action_unadjusted_price_discontinuity,High,unadjusted_price_discontinuity_ex_rights_or_corporate_action; nearest/event trading date 2016-05-27 differs from label date 2016-05-25
2016-05-26,002618,002618.SZ,丹邦退(退),-0.5284872298624756,0.5284872298624756,2011-09-20,2022-06-22,1710.0,,主板,SZSE,退市,002618.SZ.csv,True,True,2011-09-20,2016-05-26,45.8,5.53,2016-05-30,002618.SZ,21.91,22.93,21.0,22.02,22.38,44.79,-0.5003348961821835,-1.61,-0.5083724045545881,1.61,95488.83,210216.3791,2.6142,2016-05-27,2016-05-31,0,0,1128,False,-0.5192139737991266,True,10,corporate_action_unadjusted_price_discontinuity,High,unadjusted_price_discontinuity_ex_rights_or_corporate_action; label_matches_local_raw_move; nearest/event trading date 2016-05-30 differs from label date 2016-05-26
2016-05-06,600231,600231.SH,凌钢股份,-0.5278716216216216,0.5278716216216216,2000-05-11,,5839.0,,主板,SSE,上市,600231.SH.csv,True,True,2000-05-11,2016-05-06,5.91,-3.75,2016-05-10,600231.SH,2.78,2.85,2.68,2.7,2.69,5.4,-0.5018518518518519,0.37,-0.5,0.37,260974.25,71895.708,3.2459,2016-05-09,2016-05-11,0,0,3740,False,-0.5431472081218274,True,10,corporate_action_unadjusted_price_discontinuity,High,unadjusted_price_discontinuity_ex_rights_or_corporate_action; label_matches_local_raw_move; nearest/event trading date 2016-05-10 differs from label date 2016-05-06
2016-04-08,300443,300443.SZ,金雷股份,-0.5277504530157908,0.5277504530157908,2015-04-22,,352.0,,创业板,SZSE,上市,300443.SZ.csv,True,True,2015-04-22,2016-04-08,195.21,-0.4,2016-04-12,300443.SZ,93.0,97.5,86.0,87.22,93.79,188.1,-0.5013822434875066,-7.01,-0.5363104731525784,7.01,39409.95,362420.3015,17.5,2016-04-11,2016-04-13,0,0,237,False,-0.5531991188975975,False,10,corporate_action_unadjusted_price_discontinuity,High,unadjusted_price_discontinuity_ex_rights_or_corporate_action; nearest/event trading date 2016-04-12 differs from label date 2016-04-08
2016-03-30,300146,300146.SZ,汤臣倍健,-0.5273766546329725,0.5273766546329725,2010-12-15,,1932.0,,创业板,SZSE,上市,300146.SZ.csv,True,True,2010-12-15,2016-03-30,32.87,10.01,2016-04-01,300146.SZ,16.15,16.15,15.0,15.22,16.3,33.2,-0.5090361445783133,-6.63,-0.541566265060241,6.63,421328.68,648992.3256,4.8984,2016-03-31,2016-04-05,0,0,1234,False,-0.5369637967751748,True,10,corporate_action_unadjusted_price_discontinuity,High,unadjusted_price_discontinuity_ex_rights_or_corporate_action; label_matches_local_raw_move; nearest/event trading date 2016-04-01 differs from label date 2016-03-30
2016-06-20,603015,603015.SH,弘讯科技,-0.5269936485532816,0.5269936485532816,2015-03-03,,475.0,,主板,SSE,上市,603015.SH.csv,True,True,2015-03-03,2016-06-20,28.29,-0.25,2016-06-22,603015.SH,13.8,13.92,13.31,13.81,13.55,27.2,-0.5018382352941175,1.92,-0.4922794117647058,1.92,46445.77,63499.888,5.7985,2016-06-21,2016-06-23,0,0,320,False,-0.5118416401555319,True,10,corporate_action_unadjusted_price_discontinuity,High,unadjusted_price_discontinuity_ex_rights_or_corporate_action; label_matches_local_raw_move; nearest/event trading date 2016-06-22 differs from label date 2016-06-20
2017-05-09,002795,002795.SZ,永和智控,-0.5266071428571427,0.5266071428571427,2016-04-28,,376.0,,主板,SZSE,上市,002795.SZ.csv,True,True,2016-04-28,2017-05-09,54.0,-5.84,2017-05-11,002795.SZ,27.0,28.6,26.51,28.06,29.45,59.4,-0.5042087542087542,-4.72,-0.5276094276094276,4.72,163732.72,451035.972,25.6836,2017-05-10,2017-05-12,0,0,179,False,-0.48037037037037045,False,10,corporate_action_unadjusted_price_discontinuity,High,unadjusted_price_discontinuity_ex_rights_or_corporate_action; nearest/event trading date 2017-05-11 differs from label date 2017-05-09
2020-05-19,002970,002970.SZ,锐明技术,-0.5265820650111726,0.5265820650111726,2019-12-17,,154.0,,主板,SZSE,上市,002970.SZ.csv,True,True,2019-12-17,2020-05-19,116.21,4.7031,2020-05-21,002970.SZ,57.0,57.32,53.3,54.18,57.06,114.92,-0.5034806822137139,-5.0473,-0.5285415941524538,5.0473,34073.44,187019.862,7.8874,2020-05-20,2020-05-22,0,0,101,False,-0.5337750623870579,True,10,corporate_action_unadjusted_price_discontinuity,High,unadjusted_price_discontinuity_ex_rights_or_corporate_action; label_matches_local_raw_move; nearest/event trading date 2020-05-21 differs from label date 2020-05-19
2016-04-11,002727,002727.SZ,一心堂,-0.5265380554755736,0.5265380554755736,2014-07-02,,649.0,,主板,SZSE,上市,002727.SZ.csv,True,True,2014-07-02,2016-04-11,53.21,1.9,2016-04-13,002727.SZ,24.6,25.99,24.01,24.7,24.91,50.32,-0.5049682034976153,-0.84,-0.5091414944356121,0.84,210176.06,523535.6497,10.9509,2016-04-12,2016-04-14,0,0,343,False,-0.5358015410637098,True,10,corporate_action_unadjusted_price_discontinuity,High,unadjusted_price_discontinuity_ex_rights_or_corporate_action; label_matches_local_raw_move; nearest/event trading date 2016-04-13 differs from label date 2016-04-11
2017-05-31,300339,300339.SZ,润和软件,-0.5264850548618996,0.5264850548618996,2012-07-18,,1778.0,,创业板,SZSE,上市,300339.SZ.csv,True,True,2012-07-18,2017-05-31,26.68,0.3,2017-06-02,300339.SZ,12.48,13.58,12.25,13.3,12.6,25.4,-0.5039370078740157,5.56,-0.47637795275590544,5.56,75324.92,97234.036,1.7303,2017-06-01,2017-06-05,0,0,1052,False,-0.5014992503748126,False,10,corporate_action_unadjusted_price_discontinuity,High,unadjusted_price_discontinuity_ex_rights_or_corporate_action; nearest/event trading date 2017-06-02 differs from label date 2017-05-31
2016-06-20,300341,300341.SZ,麦克奥迪,-0.5263752218099692,0.5263752218099692,2012-07-26,,1425.0,,创业板,SZSE,上市,300341.SZ.csv,True,True,2012-07-26,2016-06-20,30.79,5.45,2016-06-22,300341.SZ,14.87,15.5,14.51,15.03,14.9,29.89,-0.5015055202408832,0.87,-0.4971562395449983,0.87,43530.32,65894.9609,1.1807,2016-06-21,2016-06-23,0,0,787,False,-0.5118544982137058,True,10,corporate_action_unadjusted_price_discontinuity,High,unadjusted_price_discontinuity_ex_rights_or_corporate_action; label_matches_local_raw_move; nearest/event trading date 2016-06-22 differs from label date 2016-06-20
2021-07-07,300970,300970.SZ,华绿生物,-0.5250021010168924,0.5250021010168924,2021-04-12,,86.0,,创业板,SZSE,上市,300970.SZ.csv,True,True,2021-04-12,2021-07-07,60.2,0.7531,2021-07-09,300970.SZ,28.71,28.8,27.77,28.08,29.25,59.01,-0.5043213014743264,-4.0,-0.5241484494153533,4.0,17456.48,49154.391,5.9823,2021-07-08,2021-07-12,0,0,60,False,-0.5335548172757476,True,10,corporate_action_unadjusted_price_discontinuity,High,recent_listing_first_60_trading_days; unadjusted_price_discontinuity_ex_rights_or_corporate_action; label_matches_local_raw_move; nearest/event trading date 2021-07-09 differs from label date 2021-07-07
2017-06-30,300519,300519.SZ,新光药业,-0.5245288895810619,0.5245288895810619,2016-06-24,,371.0,,创业板,SZSE,上市,300519.SZ.csv,True,True,2016-06-24,2017-06-30,63.25,-1.22,2017-07-04,300519.SZ,30.4,31.55,29.5,30.9,31.09,62.68,-0.503988513082323,-0.61,-0.5070197830248884,0.61,24714.7,75093.262,2.5015,2017-07-03,2017-07-05,0,0,249,False,-0.5114624505928854,True,10,corporate_action_unadjusted_price_discontinuity,High,unadjusted_price_discontinuity_ex_rights_or_corporate_action; label_matches_local_raw_move; nearest/event trading date 2017-07-04 differs from label date 2017-06-30
2016-06-16,002351,002351.SZ,漫步者,-0.5235109717868339,0.5235109717868339,2010-02-05,,2323.0,,主板,SZSE,上市,002351.SZ.csv,True,True,2010-02-05,2016-06-16,29.4,5.76,2016-06-20,002351.SZ,14.09,14.5,13.18,13.9,13.92,28.03,-0.5033892258294684,-0.14,-0.504102747056725,0.14,360521.08,497087.7347,12.8802,2016-06-17,2016-06-21,0,0,1512,False,-0.5272108843537415,True,10,corporate_action_unadjusted_price_discontinuity,High,unadjusted_price_discontinuity_ex_rights_or_corporate_action; label_matches_local_raw_move; nearest/event trading date 2016-06-20 differs from label date 2016-06-16
2016-06-20,300263,300263.SZ,隆华科技,-0.5234211139594493,0.5234211139594493,2011-09-16,,1739.0,,创业板,SZSE,上市,300263.SZ.csv,True,True,2011-09-16,2016-06-20,20.9,6.63,2016-06-22,300263.SZ,10.15,10.98,9.88,10.74,10.11,20.25,-0.5007407407407407,6.23,-0.4696296296296296,6.23,332146.99,352105.0478,7.0292,2016-06-21,2016-06-23,0,0,1021,False,-0.4861244019138755,False,10,corporate_action_unadjusted_price_discontinuity,High,unadjusted_price_discontinuity_ex_rights_or_corporate_action; nearest/event trading date 2016-06-22 differs from label date 2016-06-20
2018-06-08,300514,300514.SZ,友讯达,-0.5233333333333332,0.5233333333333332,2017-04-26,,408.0,,创业板,SZSE,上市,300514.SZ.csv,True,True,2017-04-26,2018-06-08,37.82,1.94,2018-06-12,300514.SZ,18.77,19.0,17.49,18.37,19.43,38.96,-0.5012833675564682,-5.46,-0.5284907597535934,5.46,107138.38,192745.94,11.8621,2018-06-11,2018-06-13,0,0,276,False,-0.5142781597038604,True,10,corporate_action_unadjusted_price_discontinuity,High,unadjusted_price_discontinuity_ex_rights_or_corporate_action; label_matches_local_raw_move; nearest/event trading date 2018-06-12 differs from label date 2018-06-08
2016-05-16,002750,002750.SZ,龙津退(退),-0.5232742241925267,0.5232742241925267,2015-03-24,2025-06-27,419.0,,主板,SZSE,退市,002750.SZ.csv,True,True,2015-03-24,2016-05-16,31.44,1.58,2016-05-18,002750.SZ,15.52,15.52,14.1,14.44,15.47,31.03,-0.501450209474702,-6.66,-0.5346438930067676,6.66,38225.56,56379.2275,1.6989,2016-05-17,2016-05-19,0,0,279,False,-0.5407124681933843,True,10,corporate_action_unadjusted_price_discontinuity,High,unadjusted_price_discontinuity_ex_rights_or_corporate_action; label_matches_local_raw_move; nearest/event trading date 2016-05-18 differs from label date 2016-05-16
2017-09-25,300196,300196.SZ,长海股份,-0.5231122088920257,0.5231122088920257,2011-03-29,,2372.0,,创业板,SZSE,上市,300196.SZ.csv,True,True,2011-03-29,2017-09-25,28.35,-2.24,2017-09-27,300196.SZ,13.51,13.63,13.23,13.38,13.51,27.02,-0.5,-0.96,-0.5048112509252405,0.96,39173.04,52443.735,1.5363,2017-09-26,2017-09-28,0,0,1425,False,-0.5280423280423281,True,10,corporate_action_unadjusted_price_discontinuity,High,unadjusted_price_discontinuity_ex_rights_or_corporate_action; label_matches_local_raw_move; nearest/event trading date 2017-09-27 differs from label date 2017-09-25
2017-06-28,300581,300581.SZ,晨曦航空,-0.5230847285641811,0.5230847285641811,2016-12-20,,190.0,,创业板,SZSE,上市,300581.SZ.csv,True,True,2016-12-20,2017-06-28,88.02,-0.32,2017-06-30,300581.SZ,42.94,43.0,41.05,41.9,43.22,86.65,-0.5012117714945182,-3.05,-0.5164454702827468,3.05,9420.32,39554.765,4.1683,2017-06-29,2017-07-03,0,0,127,False,-0.5239718245853215,True,10,corporate_action_unadjusted_price_discontinuity,High,unadjusted_price_discontinuity_ex_rights_or_corporate_action; label_matches_local_raw_move; nearest/event trading date 2017-06-30 differs from label date 2017-06-28
2016-05-26,300440,300440.SZ,运达科技,-0.5226787392158535,0.5226787392158535,2015-04-23,,399.0,,创业板,SZSE,上市,300440.SZ.csv,True,True,2015-04-23,2016-05-26,59.71,-0.65,2016-05-30,300440.SZ,28.55,28.97,27.86,28.28,29.17,58.6,-0.5022184300341297,-3.05,-0.5174061433447099,3.05,19218.46,54769.7413,1.909,2016-05-27,2016-05-31,0,0,270,False,-0.526377491207503,True,10,corporate_action_unadjusted_price_discontinuity,High,unadjusted_price_discontinuity_ex_rights_or_corporate_action; label_matches_local_raw_move; nearest/event trading date 2016-05-30 differs from label date 2016-05-26
2024-10-08,300961,300961.SZ,深水海纳,0.5224719101123565,0.5224719101123565,2021-03-30,,1288.0,,创业板,SZSE,上市,300961.SZ.csv,True,True,2021-03-30,2024-10-08,9.41,10.8363,2024-10-10,300961.SZ,13.55,13.55,13.55,13.55,11.29,11.29,0.0,20.0177,0.20017714791851215,20.0177,122751.34,166328.066,8.1274,2024-10-09,2024-10-11,0,0,854,False,0.43995749202975554,False,10,single_day_raw_price_jump_20_to_50pct,Medium,single_day_raw_price_jump_20_to_50pct; nearest/event trading date 2024-10-10 differs from label date 2024-10-08
2017-06-07,300035,300035.SZ,中科电气,-0.522297297297297,0.522297297297297,2009-12-25,,2721.0,,创业板,SZSE,上市,300035.SZ.csv,True,True,2009-12-25,2017-06-07,14.61,10.02,2017-06-09,300035.SZ,7.18,7.18,6.81,6.9,7.26,14.62,-0.5034199726402189,-4.96,-0.5280437756497948,4.96,178742.16,123684.122,4.8069,2017-06-08,2017-06-12,0,0,1671,False,-0.5277207392197125,True,10,corporate_action_unadjusted_price_discontinuity,High,unadjusted_price_discontinuity_ex_rights_or_corporate_action; label_matches_local_raw_move; nearest/event trading date 2017-06-09 differs from label date 2017-06-07
2023-08-24,301469,301469.SZ,恒达新材,0.5221040850587578,0.5221040850587578,2023-08-22,,2.0,,创业板,SZSE,上市,301469.SZ.csv,True,True,2023-08-22,2023-08-24,48.04,-3.92,2023-08-28,301469.SZ,77.0,88.28,58.88,59.89,48.28,48.28,0.0,24.0472,0.24047224523612254,24.0472,182905.14,1382047.286,88.0626,2023-08-25,2023-08-29,0,0,4,False,0.24666944213155717,False,10,new_listing_first_days,Medium,new_listing_first_days; single_day_raw_price_jump_20_to_50pct; nearest/event trading date 2023-08-28 differs from label date 2023-08-24
2018-05-24,603466,603466.SH,风语筑,-0.521896002829855,0.521896002829855,2017-10-20,,216.0,,主板,SSE,上市,603466.SH.csv,True,True,2017-10-20,2018-05-24,70.46,-1.04,2018-05-28,603466.SH,33.2,33.85,31.08,31.82,33.27,67.33,-0.5058666270607455,-4.36,-0.5274023466508243,4.36,41121.29,133376.026,11.4226,2018-05-25,2018-05-29,0,0,145,False,-0.5483962531933011,False,10,corporate_action_unadjusted_price_discontinuity,High,unadjusted_price_discontinuity_ex_rights_or_corporate_action; nearest/event trading date 2018-05-28 differs from label date 2018-05-24
2016-06-20,000700,000700.SZ,模塑科技,-0.521668219944082,0.521668219944082,1997-02-28,,7052.0,,主板,SZSE,上市,000700.SZ.csv,True,True,1997-02-28,2016-06-20,21.5,1.51,2016-06-22,000700.SZ,10.09,10.33,10.03,10.32,10.23,20.55,-0.5021897810218978,0.88,-0.4978102189781022,0.88,96314.65,98177.2167,1.3811,2016-06-21,2016-06-23,0,0,4544,False,-0.52,True,10,corporate_action_unadjusted_price_discontinuity,High,unadjusted_price_discontinuity_ex_rights_or_corporate_action; label_matches_local_raw_move; nearest/event trading date 2016-06-22 differs from label date 2016-06-20
2016-05-26,600537,600537.SH,*ST亿晶,-0.5216480446927375,0.5216480446927375,2003-01-23,,4872.0,,主板,SSE,上市,600537.SH.csv,True,True,2003-01-23,2016-05-26,14.29,1.64,2016-05-30,600537.SH,6.8,7.26,6.75,6.98,6.96,14.11,-0.5067328136073707,0.29,-0.5053153791637136,0.29,242689.02,172047.616,4.1261,2016-05-27,2016-05-31,0,0,3124,False,-0.5115465360391882,True,10,corporate_action_unadjusted_price_discontinuity,High,unadjusted_price_discontinuity_ex_rights_or_corporate_action; label_matches_local_raw_move; nearest/event trading date 2016-05-30 differs from label date 2016-05-26
2017-04-20,002572,002572.SZ,索菲亚,-0.5211493484797862,0.5211493484797862,2011-04-12,,2200.0,,主板,SZSE,上市,002572.SZ.csv,True,True,2011-04-12,2017-04-20,73.78,0.65,2017-04-24,002572.SZ,36.49,37.0,34.0,35.98,36.57,73.83,-0.5046728971962617,-1.61,-0.5126642286333469,1.61,40537.78,145636.515,0.701,2017-04-21,2017-04-25,0,0,1433,False,-0.5123339658444024,True,10,corporate_action_unadjusted_price_discontinuity,High,unadjusted_price_discontinuity_ex_rights_or_corporate_action; label_matches_local_raw_move; nearest/event trading date 2017-04-24 differs from label date 2017-04-20
2016-05-26,300050,300050.SZ,世纪鼎利,-0.520841300191205,0.520841300191205,2010-01-20,,2318.0,,创业板,SZSE,上市,300050.SZ.csv,True,True,2010-01-20,2016-05-26,26.39,2.33,2016-05-30,300050.SZ,12.7,13.17,12.36,12.97,12.8,25.74,-0.5027195027195026,1.33,-0.4961149961149961,1.33,53542.2,68981.6376,1.6328,2016-05-27,2016-05-31,0,0,1486,False,-0.5085259568018188,True,10,corporate_action_unadjusted_price_discontinuity,High,unadjusted_price_discontinuity_ex_rights_or_corporate_action; label_matches_local_raw_move; nearest/event trading date 2016-05-30 differs from label date 2016-05-26
2021-06-04,300815,300815.SZ,玉禾田,-0.5204989028756205,0.5204989028756205,2020-01-23,,498.0,,创业板,SZSE,上市,300815.SZ.csv,True,True,2020-01-23,2021-06-04,85.56,-0.6387,2021-06-08,300815.SZ,42.15,42.67,41.07,41.78,42.42,85.95,-0.506457242582897,-1.5087,-0.5139034322280396,1.5087,15635.3,65297.223,1.3413,2021-06-07,2021-06-09,0,0,330,False,-0.5116877045348294,True,10,corporate_action_unadjusted_price_discontinuity,High,unadjusted_price_discontinuity_ex_rights_or_corporate_action; label_matches_local_raw_move; nearest/event trading date 2021-06-08 differs from label date 2021-06-04
2016-06-28,002027,002027.SZ,分众传媒,-0.5202452238380378,0.5202452238380378,2004-08-04,,4346.0,,主板,SZSE,上市,002027.SZ.csv,True,True,2004-08-04,2016-06-28,35.77,9.99,2016-06-30,002027.SZ,17.17,17.2,16.25,16.51,17.07,34.38,-0.5034904013961605,-3.28,-0.5197789412449099,3.28,236822.33,392225.523,4.6706,2016-06-29,2016-07-01,0,0,2746,False,-0.5384400335476656,True,10,corporate_action_unadjusted_price_discontinuity,High,unadjusted_price_discontinuity_ex_rights_or_corporate_action; label_matches_local_raw_move; nearest/event trading date 2016-06-30 differs from label date 2016-06-28
2017-05-10,300037,300037.SZ,新宙邦,-0.5201993425935746,0.5201993425935746,2010-01-08,,2679.0,,创业板,SZSE,上市,300037.SZ.csv,True,True,2010-01-08,2017-05-10,48.46,-0.29,2017-05-12,300037.SZ,22.2,22.75,21.21,21.39,22.55,45.6,-0.5054824561403508,-5.14,-0.530921052631579,5.14,60416.82,132257.31,2.6776,2017-05-11,2017-05-15,0,0,1692,False,-0.5586050350804788,False,10,corporate_action_unadjusted_price_discontinuity,High,unadjusted_price_discontinuity_ex_rights_or_corporate_action; nearest/event trading date 2017-05-12 differs from label date 2017-05-10
2016-06-06,002361,002361.SZ,神剑股份,-0.5201177625122668,0.5201177625122668,2010-03-03,,2287.0,,主板,SZSE,上市,002361.SZ.csv,True,True,2010-03-03,2016-06-06,15.32,0.39,2016-06-08,002361.SZ,7.55,7.59,6.9,7.21,7.55,15.2,-0.5032894736842105,-4.5,-0.5256578947368421,4.5,287097.52,206041.8505,5.2558,2016-06-07,2016-06-13,0,0,1420,False,-0.529373368146214,True,10,corporate_action_unadjusted_price_discontinuity,High,unadjusted_price_discontinuity_ex_rights_or_corporate_action; label_matches_local_raw_move; nearest/event trading date 2016-06-08 differs from label date 2016-06-06
2017-07-14,002065,002065.SZ,东华软件,-0.520029311187103,0.520029311187103,2006-08-23,,3978.0,,主板,SZSE,上市,002065.SZ.csv,True,True,2006-08-23,2017-07-14,20.7,-0.67,2017-07-18,002065.SZ,9.57,9.94,9.57,9.9,9.77,19.68,-0.5035569105691058,1.33,-0.4969512195121951,1.33,123118.38,120984.569,0.4499,2017-07-17,2017-07-19,0,0,2288,False,-0.5217391304347826,True,10,corporate_action_unadjusted_price_discontinuity,High,unadjusted_price_discontinuity_ex_rights_or_corporate_action; label_matches_local_raw_move; nearest/event trading date 2017-07-18 differs from label date 2017-07-14
2016-06-06,300389,300389.SZ,艾比森,-0.5196994685724756,0.5196994685724756,2014-08-01,,675.0,,创业板,SZSE,上市,300389.SZ.csv,True,True,2014-08-01,2016-06-06,54.66,1.13,2016-06-08,300389.SZ,26.89,27.13,25.86,26.3,26.94,54.24,-0.5033185840707964,-2.38,-0.515117994100295,2.38,43061.4,113992.786,4.6548,2016-06-07,2016-06-13,0,0,446,False,-0.5188437614343212,True,10,corporate_action_unadjusted_price_discontinuity,High,unadjusted_price_discontinuity_ex_rights_or_corporate_action; label_matches_local_raw_move; nearest/event trading date 2016-06-08 differs from label date 2016-06-06
2016-06-15,002126,002126.SZ,银轮股份,-0.5194468452895413,0.5194468452895413,2007-04-18,,3346.0,,主板,SZSE,上市,002126.SZ.csv,True,True,2007-04-18,2016-06-15,17.45,7.12,2016-06-17,002126.SZ,8.45,8.56,8.05,8.18,8.41,16.88,-0.5017772511848341,-2.73,-0.5154028436018957,2.73,298112.59,247825.026,4.9552,2016-06-16,2016-06-20,0,0,2133,False,-0.5312320916905444,True,10,corporate_action_unadjusted_price_discontinuity,High,unadjusted_price_discontinuity_ex_rights_or_corporate_action; label_matches_local_raw_move; nearest/event trading date 2016-06-17 differs from label date 2016-06-15
2016-05-16,300124,300124.SZ,汇川技术,-0.5193121332059509,0.5193121332059509,2010-09-28,,2057.0,,创业板,SZSE,上市,300124.SZ.csv,True,True,2010-09-28,2016-05-16,36.45,1.87,2016-05-18,300124.SZ,17.98,17.98,16.98,17.09,18.03,36.56,-0.5068380743982495,-5.21,-0.5325492341356675,5.21,116709.79,201427.9365,0.9362,2016-05-17,2016-05-19,0,0,1358,False,-0.5311385459533609,True,10,corporate_action_unadjusted_price_discontinuity,High,unadjusted_price_discontinuity_ex_rights_or_corporate_action; label_matches_local_raw_move; nearest/event trading date 2016-05-18 differs from label date 2016-05-16
2016-06-07,603567,603567.SH,珍宝岛,-0.5193048286758172,0.5193048286758172,2015-04-24,,410.0,,主板,SSE,上市,603567.SH.csv,True,True,2015-04-24,2016-06-07,50.9,0.89,2016-06-13,603567.SH,24.12,25.11,22.8,22.86,24.75,50.0,-0.505,-7.64,-0.5428,7.64,47396.9,114091.234,7.3393,2016-06-08,2016-06-14,0,0,262,False,-0.5508840864440079,False,10,corporate_action_unadjusted_price_discontinuity,High,unadjusted_price_discontinuity_ex_rights_or_corporate_action; nearest/event trading date 2016-06-13 differs from label date 2016-06-07
2016-06-24,000876,000876.SZ,新希望,-0.5192418150488224,0.5192418150488224,1998-03-11,,6680.0,,主板,SZSE,上市,000876.SZ.csv,True,True,1998-03-11,2016-06-24,17.35,-1.2,2016-06-28,000876.SZ,8.42,8.49,8.27,8.38,8.55,17.64,-0.5153061224489796,-1.99,-0.5249433106575964,1.99,408323.32,340939.144,1.1813,2016-06-27,2016-06-29,0,0,4193,False,-0.5170028818443804,True,10,corporate_action_unadjusted_price_discontinuity,High,unadjusted_price_discontinuity_ex_rights_or_corporate_action; label_matches_local_raw_move; nearest/event trading date 2016-06-28 differs from label date 2016-06-24
2018-05-09,300567,300567.SZ,精测电子,-0.5191153238546602,0.5191153238546602,2016-11-22,,533.0,,创业板,SZSE,上市,300567.SZ.csv,True,True,2016-11-22,2018-05-09,160.6,1.01,2018-05-11,300567.SZ,77.0,77.37,74.24,74.8,77.6,155.7,-0.5016056518946692,-3.61,-0.5195889531149647,3.61,15506.82,116845.057,1.8838,2018-05-10,2018-05-14,0,0,357,False,-0.5342465753424658,True,10,corporate_action_unadjusted_price_discontinuity,High,unadjusted_price_discontinuity_ex_rights_or_corporate_action; label_matches_local_raw_move; nearest/event trading date 2018-05-11 differs from label date 2018-05-09
2016-04-07,002247,002247.SZ,聚力文化,-0.5190077319587629,0.5190077319587629,2008-06-12,,2856.0,,主板,SZSE,上市,002247.SZ.csv,True,True,2008-06-12,2016-04-07,32.21,-6.58,2016-04-11,002247.SZ,15.28,15.82,14.78,15.45,15.09,30.38,-0.5032916392363397,2.39,-0.4914417379855168,2.39,166991.25,256520.2329,3.6807,2016-04-08,2016-04-12,0,0,1779,False,-0.5203352995963987,True,10,corporate_action_unadjusted_price_discontinuity,High,unadjusted_price_discontinuity_ex_rights_or_corporate_action; label_matches_local_raw_move; nearest/event trading date 2016-04-11 differs from label date 2016-04-07
2017-05-17,300412,300412.SZ,迦南科技,-0.5186900430036381,0.5186900430036381,2014-12-31,,868.0,,创业板,SZSE,上市,300412.SZ.csv,True,True,2014-12-31,2017-05-17,30.31,0.33,2017-05-19,300412.SZ,14.7,14.86,13.85,14.26,14.7,29.65,-0.5042158516020236,-2.99,-0.5190556492411467,2.99,26506.46,38018.066,3.2953,2017-05-18,2017-05-22,0,0,507,False,-0.5295282085120423,True,10,corporate_action_unadjusted_price_discontinuity,High,unadjusted_price_discontinuity_ex_rights_or_corporate_action; label_matches_local_raw_move; nearest/event trading date 2017-05-19 differs from label date 2017-05-17
2018-05-07,300639,300639.SZ,凯普生物,-0.5185278548021174,0.5185278548021174,2017-04-12,,390.0,,创业板,SZSE,上市,300639.SZ.csv,True,True,2017-04-12,2018-05-07,59.5,3.73,2018-05-09,300639.SZ,29.39,29.45,27.4,27.7,29.33,59.16,-0.5042258282623394,-5.56,-0.5317782285327923,5.56,88199.08,247004.954,9.7974,2018-05-08,2018-05-10,0,0,262,False,-0.534453781512605,True,10,corporate_action_unadjusted_price_discontinuity,High,unadjusted_price_discontinuity_ex_rights_or_corporate_action; label_matches_local_raw_move; nearest/event trading date 2018-05-09 differs from label date 2018-05-07
2018-05-28,600167,600167.SH,联美控股,-0.5183848409654861,0.5183848409654861,1999-01-28,,7060.0,,主板,SSE,上市,600167.SH.csv,True,True,1999-01-28,2018-05-28,22.05,-1.25,2018-05-30,600167.SH,10.7,11.39,10.5,11.0,10.93,22.12,-0.505877034358047,0.64,-0.5027124773960217,0.64,15370.07,16580.674,0.3741,2018-05-29,2018-05-31,0,0,4415,False,-0.5011337868480725,True,10,corporate_action_unadjusted_price_discontinuity,High,unadjusted_price_discontinuity_ex_rights_or_corporate_action; label_matches_local_raw_move; nearest/event trading date 2018-05-30 differs from label date 2018-05-28
2017-06-02,002823,002823.SZ,凯中精密,-0.5183529411764706,0.5183529411764706,2016-11-24,,190.0,,主板,SZSE,上市,002823.SZ.csv,True,True,2016-11-24,2017-06-02,42.0,3.93,2017-06-06,002823.SZ,21.13,21.64,20.01,21.35,21.43,42.8,-0.4992990654205607,-0.37,-0.5011682242990654,0.37,58062.98,122039.254,8.129,2017-06-05,2017-06-07,0,0,123,False,-0.4916666666666666,False,10,corporate_action_unadjusted_price_discontinuity,High,unadjusted_price_discontinuity_ex_rights_or_corporate_action; nearest/event trading date 2017-06-06 differs from label date 2017-06-02
2017-06-19,300012,300012.SZ,华测检测,-0.5182086614173229,0.5182086614173229,2009-10-30,,2789.0,,创业板,SZSE,上市,300012.SZ.csv,True,True,2009-10-30,2017-06-19,10.16,-0.39,2017-06-21,300012.SZ,4.93,4.97,4.82,4.85,4.93,9.9,-0.502020202020202,-1.62,-0.5101010101010102,1.62,372340.23,181594.373,2.747,2017-06-20,2017-06-22,0,0,1757,False,-0.5226377952755905,True,10,corporate_action_unadjusted_price_discontinuity,High,unadjusted_price_discontinuity_ex_rights_or_corporate_action; label_matches_local_raw_move; nearest/event trading date 2017-06-21 differs from label date 2017-06-19
2017-05-17,300400,300400.SZ,劲拓股份,-0.5181669879875428,0.5181669879875428,2014-10-10,,950.0,,创业板,SZSE,上市,300400.SZ.csv,True,True,2014-10-10,2017-05-17,32.11,-2.96,2017-05-19,300400.SZ,16.18,16.49,15.41,15.64,16.37,32.86,-0.5018259281801583,-4.46,-0.5240413877054169,4.46,40345.2,63708.356,3.0419,2017-05-18,2017-05-22,0,0,637,False,-0.5129243226409218,True,10,corporate_action_unadjusted_price_discontinuity,High,unadjusted_price_discontinuity_ex_rights_or_corporate_action; label_matches_local_raw_move; nearest/event trading date 2017-05-19 differs from label date 2017-05-17
2018-04-25,300677,300677.SZ,英科医疗,-0.5179922650075665,0.5179922650075665,2017-07-21,,278.0,,创业板,SZSE,上市,300677.SZ.csv,True,True,2017-07-21,2018-04-25,60.15,1.6,2018-04-27,300677.SZ,28.87,29.94,26.59,28.72,28.09,56.33,-0.5013314397301616,2.24,-0.49014734599680454,2.24,75361.9,216720.826,15.5003,2018-04-26,2018-05-02,0,0,187,False,-0.5225270157938486,True,10,corporate_action_unadjusted_price_discontinuity,High,unadjusted_price_discontinuity_ex_rights_or_corporate_action; label_matches_local_raw_move; nearest/event trading date 2018-04-27 differs from label date 2018-04-25
2016-04-28,300145,300145.SZ,南方泵业,-0.5178055822906641,0.5178055822906641,2010-12-09,,1967.0,,创业板,SZSE,上市,300145.SZ.csv,True,True,2010-12-09,2016-04-28,41.7,-0.26,2016-05-03,300145.SZ,20.4,20.78,19.58,20.49,20.45,41.0,-0.501219512195122,0.2,-0.5002439024390244,0.2,34739.56,70639.6892,0.9722,2016-04-29,2016-05-04,0,0,1259,False,-0.5086330935251799,True,10,corporate_action_unadjusted_price_discontinuity,High,unadjusted_price_discontinuity_ex_rights_or_corporate_action; label_matches_local_raw_move; nearest/event trading date 2016-05-03 differs from label date 2016-04-28
2017-09-27,002845,002845.SZ,同兴达,-0.5173568063476318,0.5173568063476318,2017-01-25,,245.0,,主板,SZSE,上市,002845.SZ.csv,True,True,2017-01-25,2017-09-27,80.42,3.65,2017-09-29,002845.SZ,38.6,39.7,37.5,39.34,38.69,77.37,-0.49993537546852795,1.68,-0.49153418637714874,1.68,70615.34,273578.835,14.7115,2017-09-28,2017-10-09,0,0,167,False,-0.5108182044267595,True,10,corporate_action_unadjusted_price_discontinuity,High,unadjusted_price_discontinuity_ex_rights_or_corporate_action; label_matches_local_raw_move; nearest/event trading date 2017-09-29 differs from label date 2017-09-27
2017-05-22,000963,000963.SZ,华东医药,-0.5173119379677991,0.5173119379677991,2000-01-27,,6325.0,,主板,SZSE,上市,000963.SZ.csv,True,True,2000-01-27,2017-05-22,93.5,-0.09,2017-05-24,000963.SZ,45.58,45.59,44.06,44.98,45.58,92.5,-0.5072432432432432,-1.32,-0.5137297297297297,1.32,42828.98,192086.132,0.4934,2017-05-23,2017-05-25,0,0,4028,False,-0.5189304812834226,True,10,corporate_action_unadjusted_price_discontinuity,High,unadjusted_price_discontinuity_ex_rights_or_corporate_action; label_matches_local_raw_move; nearest/event trading date 2017-05-24 differs from label date 2017-05-22
2016-05-13,300449,300449.SZ,汉邦高科,-0.517280730355396,0.517280730355396,2015-04-22,,387.0,,创业板,SZSE,上市,300449.SZ.csv,True,True,2015-04-22,2016-05-13,90.57,4.72,2016-05-17,300449.SZ,44.5,45.37,41.72,43.78,45.23,90.55,-0.5004969630038654,-3.21,-0.5165102153506349,3.21,23357.13,101977.335,3.1274,2016-05-16,2016-05-18,0,0,262,False,-0.5166169813403996,True,10,corporate_action_unadjusted_price_discontinuity,High,unadjusted_price_discontinuity_ex_rights_or_corporate_action; label_matches_local_raw_move; nearest/event trading date 2016-05-17 differs from label date 2016-05-13
2016-04-14,300408,300408.SZ,三环集团,-0.5171582529778788,0.5171582529778788,2014-12-03,,498.0,,创业板,SZSE,上市,300408.SZ.csv,True,True,2014-12-03,2016-04-14,34.92,-0.65,2016-04-18,300408.SZ,17.1,17.3,16.81,16.88,17.34,35.03,-0.5049957179560377,-2.65,-0.5181273194404796,2.65,78489.95,133284.8326,0.8074,2016-04-15,2016-04-19,0,0,334,False,-0.5166093928980527,True,10,corporate_action_unadjusted_price_discontinuity,High,unadjusted_price_discontinuity_ex_rights_or_corporate_action; label_matches_local_raw_move; nearest/event trading date 2016-04-18 differs from label date 2016-04-14
2016-06-07,002044,002044.SZ,美年健康,-0.5169986263736264,0.5169986263736264,2005-05-18,,4038.0,,主板,SZSE,上市,002044.SZ.csv,True,True,2005-05-18,2016-06-07,29.9,0.5,2016-06-13,002044.SZ,14.1,14.48,13.08,13.25,14.52,29.03,-0.4998277643816742,-8.75,-0.5435756114364451,8.75,139662.29,194717.4538,2.5128,2016-06-08,2016-06-14,0,0,2333,False,-0.5568561872909699,False,10,corporate_action_unadjusted_price_discontinuity,High,unadjusted_price_discontinuity_ex_rights_or_corporate_action; nearest/event trading date 2016-06-13 differs from label date 2016-06-07
2016-06-08,000801,000801.SZ,四川九洲,-0.51696735395189,0.51696735395189,1998-05-06,,6608.0,,主板,SZSE,上市,000801.SZ.csv,True,True,1998-05-06,2016-06-08,24.02,-0.66,2016-06-14,000801.SZ,11.3,11.44,11.05,11.11,11.37,22.83,-0.5019710906701709,-2.29,-0.513359614542269,2.29,68392.36,76531.9473,0.6687,2016-06-13,2016-06-15,0,0,4254,False,-0.5374687760199834,False,10,corporate_action_unadjusted_price_discontinuity,High,unadjusted_price_discontinuity_ex_rights_or_corporate_action; nearest/event trading date 2016-06-14 differs from label date 2016-06-08
2024-05-15,300856,300856.SZ,科思股份,-0.5168107588856873,0.5168107588856873,2020-07-22,,1393.0,,创业板,SZSE,上市,300856.SZ.csv,True,True,2020-07-22,2024-05-15,85.88,-4.034,2024-05-17,300856.SZ,39.39,41.35,39.17,40.36,39.39,80.28,-0.5093423019431988,2.4626,-0.497259591429995,2.4626,62973.1,254248.154,1.9366,2024-05-16,2024-05-20,0,0,925,False,-0.5300419189566837,True,10,corporate_action_unadjusted_price_discontinuity,High,unadjusted_price_discontinuity_ex_rights_or_corporate_action; label_matches_local_raw_move; nearest/event trading date 2024-05-17 differs from label date 2024-05-15
2017-05-09,300014,300014.SZ,亿纬锂能,-0.5167479163390463,0.5167479163390463,2009-10-30,,2748.0,,创业板,SZSE,上市,300014.SZ.csv,True,True,2009-10-30,2017-05-09,31.51,-0.28,2017-05-11,300014.SZ,15.4,15.49,14.52,15.18,15.6,31.25,-0.5008,-2.69,-0.51424,2.69,197766.22,296595.691,2.4138,2017-05-10,2017-05-12,0,0,1767,False,-0.5182481751824818,True,10,corporate_action_unadjusted_price_discontinuity,High,unadjusted_price_discontinuity_ex_rights_or_corporate_action; label_matches_local_raw_move; nearest/event trading date 2017-05-11 differs from label date 2017-05-09
2016-06-08,002640,002640.SZ,跨境通,-0.5166232572391605,0.5166232572391605,2011-12-08,,1644.0,,主板,SZSE,上市,002640.SZ.csv,True,True,2011-12-08,2016-06-08,33.13,0.82,2016-06-14,002640.SZ,15.8,15.8,14.95,15.28,15.91,31.88,-0.5009410288582183,-3.96,-0.520702634880803,3.96,92567.42,141391.517,1.3333,2016-06-13,2016-06-15,0,0,985,False,-0.538786598249321,False,10,corporate_action_unadjusted_price_discontinuity,High,unadjusted_price_discontinuity_ex_rights_or_corporate_action; nearest/event trading date 2016-06-14 differs from label date 2016-06-08
2016-06-02,300455,300455.SZ,航天智装,-0.5165372753376581,0.5165372753376581,2015-05-15,,384.0,,创业板,SZSE,上市,300455.SZ.csv,True,True,2015-05-15,2016-06-02,46.99,3.41,2016-06-06,300455.SZ,23.2,23.88,22.0,22.38,23.05,46.2,-0.501082251082251,-2.91,-0.5155844155844156,2.91,85112.87,195931.3665,9.7584,2016-06-03,2016-06-07,0,0,260,False,-0.5237284528623112,True,10,corporate_action_unadjusted_price_discontinuity,High,unadjusted_price_discontinuity_ex_rights_or_corporate_action; label_matches_local_raw_move; nearest/event trading date 2016-06-06 differs from label date 2016-06-02
2020-05-12,300800,300800.SZ,力合科技,-0.5164972944437112,0.5164972944437112,2019-11-06,,188.0,,创业板,SZSE,上市,300800.SZ.csv,True,True,2019-11-06,2020-05-12,74.9,-1.2395,2020-05-14,300800.SZ,36.4,37.3,35.76,36.15,36.84,74.18,-0.5033701806416824,-1.873,-0.5126718792127258,1.873,24235.5,88742.43,6.0589,2020-05-13,2020-05-15,0,0,125,False,-0.5173564753004005,True,10,corporate_action_unadjusted_price_discontinuity,High,unadjusted_price_discontinuity_ex_rights_or_corporate_action; label_matches_local_raw_move; nearest/event trading date 2020-05-14 differs from label date 2020-05-12
2018-04-13,002812,002812.SZ,恩捷股份,-0.5162696682652295,0.5162696682652295,2016-09-14,,576.0,,主板,SZSE,上市,002812.SZ.csv,True,True,2016-09-14,2018-04-13,126.0,1.74,2018-04-17,002812.SZ,61.24,61.92,58.5,59.5,61.05,123.2,-0.5044642857142858,-2.54,-0.5170454545454546,2.54,16287.8,97378.391,1.2953,2018-04-16,2018-04-18,0,0,302,False,-0.5277777777777778,True,10,corporate_action_unadjusted_price_discontinuity,High,unadjusted_price_discontinuity_ex_rights_or_corporate_action; label_matches_local_raw_move; nearest/event trading date 2018-04-17 differs from label date 2018-04-13
2016-02-26,002099,002099.SZ,海翔药业,-0.5162418790604697,0.5162418790604697,2006-12-26,,3349.0,,主板,SZSE,上市,002099.SZ.csv,True,True,2006-12-26,2016-02-26,20.13,0.35,2016-03-01,002099.SZ,9.5,9.8,8.84,9.55,9.49,19.17,-0.5049556598852374,0.63,-0.5018257694314032,0.63,425100.04,399096.1078,5.3232,2016-02-29,2016-03-02,0,0,2036,False,-0.5255837059115747,True,10,corporate_action_unadjusted_price_discontinuity,High,unadjusted_price_discontinuity_ex_rights_or_corporate_action; label_matches_local_raw_move; nearest/event trading date 2016-03-01 differs from label date 2016-02-26
2016-05-06,300267,300267.SZ,尔康制药,-0.5161936560934887,0.5161936560934887,2011-09-27,,1683.0,,创业板,SZSE,上市,300267.SZ.csv,True,True,2011-09-27,2016-05-06,30.3,-2.01,2016-05-10,300267.SZ,14.5,14.59,14.02,14.1,14.39,28.88,-0.5017313019390581,-2.02,-0.5117728531855956,2.02,37870.23,53868.4832,0.3319,2016-05-09,2016-05-11,0,0,1087,False,-0.5346534653465347,True,10,corporate_action_unadjusted_price_discontinuity,High,unadjusted_price_discontinuity_ex_rights_or_corporate_action; label_matches_local_raw_move; nearest/event trading date 2016-05-10 differs from label date 2016-05-06
2017-06-14,601888,601888.SH,中国中免,-0.5161317855923524,0.5161317855923524,2009-10-15,,2799.0,,主板,SSE,上市,601888.SH.csv,True,True,2009-10-15,2017-06-14,58.24,-1.89,2017-06-16,601888.SH,28.28,28.58,28.0,28.08,28.14,57.27,-0.5086432687270823,-0.21,-0.5096909376636983,0.21,44013.79,124430.044,0.4509,2017-06-15,2017-06-19,0,0,1798,False,-0.5178571428571429,True,10,corporate_action_unadjusted_price_discontinuity,High,unadjusted_price_discontinuity_ex_rights_or_corporate_action; label_matches_local_raw_move; nearest/event trading date 2017-06-16 differs from label date 2017-06-14
2018-06-27,300485,300485.SZ,赛升药业,-0.5158661349054956,0.5158661349054956,2015-06-26,,1097.0,,创业板,SZSE,上市,300485.SZ.csv,True,True,2015-06-26,2018-06-27,29.29,2.41,2018-06-29,300485.SZ,14.08,14.45,13.56,14.39,13.92,28.07,-0.5040969006056288,3.38,-0.48735304595653717,3.38,30668.32,43311.926,1.4538,2018-06-28,2018-07-02,0,0,734,False,-0.5087060430180949,True,10,corporate_action_unadjusted_price_discontinuity,High,unadjusted_price_discontinuity_ex_rights_or_corporate_action; label_matches_local_raw_move; nearest/event trading date 2018-06-29 differs from label date 2018-06-27
2016-09-22,300242,300242.SZ,佳云科技,-0.5157384987893461,0.5157384987893461,2011-07-12,,1899.0,,创业板,SZSE,上市,300242.SZ.csv,True,True,2011-07-12,2016-09-22,35.15,-1.32,2016-09-26,300242.SZ,16.85,17.28,15.88,15.99,16.8,33.6,-0.5,-4.82,-0.5241071428571429,4.82,126200.2,208150.568,4.8306,2016-09-23,2016-09-27,0,0,1001,False,-0.5450924608819345,False,10,corporate_action_unadjusted_price_discontinuity,High,unadjusted_price_discontinuity_ex_rights_or_corporate_action; nearest/event trading date 2016-09-26 differs from label date 2016-09-22
2016-05-09,300416,300416.SZ,苏试试验,-0.5154958677685951,0.5154958677685951,2015-01-22,,473.0,,创业板,SZSE,上市,300416.SZ.csv,True,True,2015-01-22,2016-05-09,63.05,0.24,2016-05-11,300416.SZ,29.88,30.55,26.98,27.03,29.98,60.15,-0.5015793848711554,-9.84,-0.5506234413965088,9.84,35630.81,100401.3299,5.8488,2016-05-10,2016-05-12,0,0,316,False,-0.5712926249008723,False,10,corporate_action_unadjusted_price_discontinuity,High,unadjusted_price_discontinuity_ex_rights_or_corporate_action; nearest/event trading date 2016-05-11 differs from label date 2016-05-09
2016-09-02,300512,300512.SZ,中亚股份,-0.5154481007300814,0.5154481007300814,2016-05-26,,99.0,,创业板,SZSE,上市,300512.SZ.csv,True,True,2016-05-26,2016-09-02,92.94,-0.65,2016-09-06,300512.SZ,46.3,46.89,44.0,46.06,47.5,95.0,-0.5,-3.03,-0.515157894736842,3.03,111297.82,504904.4719,16.4886,2016-09-05,2016-09-07,0,0,71,False,-0.5044114482461803,True,10,corporate_action_unadjusted_price_discontinuity,High,unadjusted_price_discontinuity_ex_rights_or_corporate_action; label_matches_local_raw_move; nearest/event trading date 2016-09-06 differs from label date 2016-09-02
2016-06-01,300302,300302.SZ,同有科技,-0.5154177983703464,0.5154177983703464,2012-03-21,,1533.0,,创业板,SZSE,上市,300302.SZ.csv,True,True,2012-03-21,2016-06-01,61.99,3.59,2016-06-03,300302.SZ,30.05,30.75,29.44,30.28,30.54,64.18,-0.5241508258024308,-0.85,-0.5282019320660643,0.85,118606.17,356240.5827,5.1516,2016-06-02,2016-06-06,0,0,1015,False,-0.5115341184061946,True,10,corporate_action_unadjusted_price_discontinuity,High,unadjusted_price_discontinuity_ex_rights_or_corporate_action; label_matches_local_raw_move; nearest/event trading date 2016-06-03 differs from label date 2016-06-01
2017-05-17,002616,002616.SZ,长青集团,-0.5153005464480876,0.5153005464480876,2011-09-20,,2066.0,,主板,SZSE,上市,002616.SZ.csv,True,True,2011-09-20,2017-05-17,28.42,9.98,2017-05-19,002616.SZ,13.7,13.88,12.41,13.37,13.64,27.28,-0.5,-1.98,-0.5098973607038124,1.98,726143.22,960333.601,15.8664,2017-05-18,2017-05-22,0,0,1263,False,-0.5295566502463055,True,10,corporate_action_unadjusted_price_discontinuity,High,unadjusted_price_discontinuity_ex_rights_or_corporate_action; label_matches_local_raw_move; nearest/event trading date 2017-05-19 differs from label date 2017-05-17
2018-05-02,002815,002815.SZ,崇达技术,-0.5152918069584728,0.5152918069584728,2016-10-12,,567.0,,主板,SZSE,上市,002815.SZ.csv,True,True,2016-10-12,2018-05-02,36.18,0.84,2018-05-04,002815.SZ,17.32,18.38,17.02,18.03,17.42,35.38,-0.5076314301865461,3.5,-0.49039005087620124,3.5,85604.14,151559.829,4.0336,2018-05-03,2018-05-07,0,0,381,False,-0.501658374792703,True,10,corporate_action_unadjusted_price_discontinuity,High,unadjusted_price_discontinuity_ex_rights_or_corporate_action; label_matches_local_raw_move; nearest/event trading date 2018-05-04 differs from label date 2018-05-02
2018-05-25,300451,300451.SZ,创业慧康,-0.5150808457711439,0.5150808457711439,2015-05-14,,1107.0,,创业板,SZSE,上市,300451.SZ.csv,True,True,2015-05-14,2018-05-25,32.08,-5.4,2018-05-29,300451.SZ,15.64,16.05,15.02,15.25,15.61,31.31,-0.5014372404982435,-2.31,-0.5129351644841904,2.31,121275.84,188751.479,3.643,2018-05-28,2018-05-30,0,0,672,False,-0.5246259351620948,True,10,corporate_action_unadjusted_price_discontinuity,High,unadjusted_price_discontinuity_ex_rights_or_corporate_action; label_matches_local_raw_move; nearest/event trading date 2018-05-29 differs from label date 2018-05-25
2016-09-23,300474,300474.SZ,景嘉微,-0.5148227322228051,0.5148227322228051,2016-03-31,,176.0,,创业板,SZSE,上市,300474.SZ.csv,True,True,2016-03-31,2016-09-23,127.5,0.41,2016-09-27,300474.SZ,59.9,60.46,57.05,58.5,59.91,120.0,-0.50075,-2.35,-0.5125,2.35,29404.78,171171.046,4.3888,2016-09-26,2016-09-28,0,0,122,False,-0.5411764705882354,False,10,corporate_action_unadjusted_price_discontinuity,High,unadjusted_price_discontinuity_ex_rights_or_corporate_action; nearest/event trading date 2016-09-27 differs from label date 2016-09-23
2017-05-19,300366,300366.SZ,ST创意,-0.5147704893197995,0.5147704893197995,2014-01-27,,1208.0,,创业板,SZSE,上市,300366.SZ.csv,True,True,2014-01-27,2017-05-19,33.4,-1.33,2017-05-23,300366.SZ,15.96,16.33,14.77,14.77,16.41,32.91,-0.5013673655423883,-9.99,-0.5512002430872075,9.99,44615.06,67651.096,2.2177,2017-05-22,2017-05-24,0,0,621,False,-0.5577844311377245,False,10,corporate_action_unadjusted_price_discontinuity,High,unadjusted_price_discontinuity_ex_rights_or_corporate_action; nearest/event trading date 2017-05-23 differs from label date 2017-05-19
2016-07-25,000957,000957.SZ,中通客车,-0.5147320294640589,0.5147320294640589,2000-01-13,,6038.0,,主板,SZSE,上市,000957.SZ.csv,True,True,2000-01-13,2016-07-25,38.94,1.2,2016-07-27,000957.SZ,19.4,19.4,17.62,17.73,19.5,39.5,-0.5063291139240507,-9.08,-0.5511392405063291,9.08,310216.28,570814.5549,6.5038,2016-07-26,2016-07-28,0,0,3914,False,-0.5446841294298921,False,10,corporate_action_unadjusted_price_discontinuity,High,unadjusted_price_discontinuity_ex_rights_or_corporate_action; nearest/event trading date 2016-07-27 differs from label date 2016-07-25
2017-06-13,300260,300260.SZ,新莱应材,-0.5146260290768965,0.5146260290768965,2011-09-06,,2107.0,,创业板,SZSE,上市,300260.SZ.csv,True,True,2011-09-06,2017-06-13,28.53,3.37,2017-06-15,300260.SZ,13.86,14.39,13.6,14.1,13.88,27.77,-0.5001800504141158,1.59,-0.492257832193014,1.59,35793.0,50599.97,3.4934,2017-06-14,2017-06-16,0,0,1393,False,-0.5057833859095688,True,10,corporate_action_unadjusted_price_discontinuity,High,unadjusted_price_discontinuity_ex_rights_or_corporate_action; label_matches_local_raw_move; nearest/event trading date 2017-06-15 differs from label date 2017-06-13
2016-06-01,300025,300025.SZ,华星创业,-0.514554163596168,0.514554163596168,2009-10-30,,2406.0,,创业板,SZSE,上市,300025.SZ.csv,True,True,2009-10-30,2016-06-02,27.14,-9.98,2016-06-03,300025.SZ,13.1,14.85,12.91,14.22,13.54,27.14,-0.5011053795136331,5.02,-0.4760501105379513,5.02,879852.5,1193172.8238,28.7375,2016-06-02,2016-06-06,0,0,1251,False,-0.4760501105379513,False,10,corporate_action_unadjusted_price_discontinuity,High,unadjusted_price_discontinuity_ex_rights_or_corporate_action; nearest/event trading date 2016-06-03 differs from label date 2016-06-01
2016-06-03,300407,300407.SZ,凯发电气,-0.5143923240938162,0.5143923240938162,2014-12-03,,548.0,,创业板,SZSE,上市,300407.SZ.csv,True,True,2014-12-03,2016-06-03,38.15,6.5,2016-06-07,300407.SZ,18.49,18.68,17.66,18.1,18.45,37.0,-0.5013513513513514,-1.9,-0.5108108108108107,1.9,44641.33,80118.6602,3.5963,2016-06-06,2016-06-08,0,0,250,False,-0.5255570117955439,True,10,corporate_action_unadjusted_price_discontinuity,High,unadjusted_price_discontinuity_ex_rights_or_corporate_action; label_matches_local_raw_move; nearest/event trading date 2016-06-07 differs from label date 2016-06-03
2024-05-28,600306,600306.SH,退市商城(退),-0.5142857142857142,0.5142857142857142,2000-12-26,2024-06-26,8554.0,,主板,SSE,退市,600306.SH.csv,True,True,2000-12-26,2024-05-29,0.35,-82.4121,2024-05-29,600306.SH,1.0,1.0,0.33,0.35,1.99,1.99,0.0,-82.4121,-0.8241206030150754,82.4121,358156.4,13091.658,9.5684,2024-04-29,2024-05-30,18,0,5315,False,0.0,False,10,delisting_or_resumption_extreme_trade,High,delisting_period_or_pre_delisting_trade; resumption_after_short_suspension; single_day_raw_price_jump_over_50pct; nearest/event trading date 2024-05-29 differs from label date 2024-05-28
2016-07-21,600499,600499.SH,科达制造,-0.5141864504921825,0.5141864504921825,2002-10-10,,5033.0,,主板,SSE,上市,600499.SH.csv,True,True,2002-10-10,2016-07-21,17.19,-1.15,2016-07-25,600499.SH,8.39,8.53,8.22,8.52,8.35,16.9,-0.5059171597633136,2.04,-0.4958579881656805,2.04,163611.68,136989.561,2.3755,2016-07-22,2016-07-26,0,0,3084,False,-0.5043630017452008,True,10,corporate_action_unadjusted_price_discontinuity,High,unadjusted_price_discontinuity_ex_rights_or_corporate_action; label_matches_local_raw_move; nearest/event trading date 2016-07-25 differs from label date 2016-07-21
2016-04-13,002772,002772.SZ,众兴菌业,-0.5139069404730959,0.5139069404730959,2015-06-26,,292.0,,主板,SZSE,上市,002772.SZ.csv,True,True,2015-06-26,2016-04-13,58.27,0.62,2016-04-15,002772.SZ,27.1,30.04,26.85,27.99,27.63,56.79,-0.5134706814580032,1.3,-0.5071315372424723,1.3,224377.59,638418.5198,29.3646,2016-04-14,2016-04-18,0,0,191,False,-0.5196499056118071,True,10,corporate_action_unadjusted_price_discontinuity,High,unadjusted_price_discontinuity_ex_rights_or_corporate_action; label_matches_local_raw_move; nearest/event trading date 2016-04-15 differs from label date 2016-04-13
2017-05-22,603131,603131.SH,上海沪工,-0.5138446215139443,0.5138446215139443,2016-06-07,,349.0,,主板,SSE,上市,603131.SH.csv,True,True,2016-06-07,2017-05-22,50.27,-4.52,2017-05-24,603131.SH,24.28,25.9,24.28,25.4,24.53,49.4,-0.5034412955465586,3.55,-0.4858299595141701,3.55,12387.18,31234.344,4.9549,2017-05-23,2017-05-25,0,0,232,False,-0.4947284662820769,True,10,corporate_action_unadjusted_price_discontinuity,High,unadjusted_price_discontinuity_ex_rights_or_corporate_action; label_matches_local_raw_move; nearest/event trading date 2017-05-24 differs from label date 2017-05-22
2016-06-07,603300,603300.SH,海南华铁,-0.5137427359824093,0.5137427359824093,2015-05-29,,375.0,,主板,SSE,上市,603300.SH.csv,True,True,2015-05-29,2016-06-07,32.46,5.87,2016-06-13,603300.SH,15.59,16.2,14.4,14.66,15.67,31.38,-0.5006373486297004,-6.45,-0.5328234544295729,6.45,43705.27,68682.435,3.143,2016-06-08,2016-06-14,0,0,241,False,-0.5483672211953173,False,10,corporate_action_unadjusted_price_discontinuity,High,unadjusted_price_discontinuity_ex_rights_or_corporate_action; nearest/event trading date 2016-06-13 differs from label date 2016-06-07
2016-07-20,002680,002680.SZ,长生退(退),-0.513616496693937,0.513616496693937,2012-06-05,2019-11-27,1506.0,,主板,SZSE,退市,002680.SZ.csv,True,True,2012-06-05,2016-07-20,44.33,-2.34,2016-07-22,002680.SZ,22.0,22.5,21.01,21.03,22.46,45.22,-0.5033171163202123,-6.37,-0.5349402919062362,6.37,85673.99,186085.9183,6.8011,2016-07-21,2016-07-25,0,0,923,False,-0.5256034288292353,True,10,corporate_action_unadjusted_price_discontinuity,High,unadjusted_price_discontinuity_ex_rights_or_corporate_action; label_matches_local_raw_move; nearest/event trading date 2016-07-22 differs from label date 2016-07-20
2016-06-03,603398,603398.SH,*ST沐邦,-0.513590763884997,0.513590763884997,2015-12-09,,177.0,,主板,SSE,上市,603398.SH.csv,True,True,2015-12-09,2016-06-03,91.44,4.31,2016-06-07,603398.SH,41.5,44.76,41.01,44.76,40.69,89.72,-0.5464779313419528,10.0,-0.5011145786892555,10.0,96105.2,416634.592,40.0438,2016-06-06,2016-06-08,0,0,120,False,-0.510498687664042,True,10,corporate_action_unadjusted_price_discontinuity,High,unadjusted_price_discontinuity_ex_rights_or_corporate_action; label_matches_local_raw_move; nearest/event trading date 2016-06-07 differs from label date 2016-06-03
2022-03-28,301047,301047.SZ,义翘神州,-0.5134716800219162,0.5134716800219162,2021-08-16,,224.0,,创业板,SZSE,上市,301047.SZ.csv,True,True,2021-08-16,2022-03-28,362.0,-0.5385,2022-03-30,301047.SZ,182.38,186.61,175.06,183.09,186.32,364.01,-0.4881459300568666,-1.7336,-0.49701931265624566,1.7336,15286.44,275677.722,4.7326,2022-03-29,2022-03-31,0,0,149,False,-0.49422651933701656,True,10,corporate_action_unadjusted_price_discontinuity,High,unadjusted_price_discontinuity_ex_rights_or_corporate_action; label_matches_local_raw_move; nearest/event trading date 2022-03-30 differs from label date 2022-03-28
2016-06-13,601199,601199.SH,江南水务,-0.513380498308213,0.513380498308213,2011-03-17,,1915.0,,主板,SSE,上市,601199.SH.csv,True,True,2011-03-17,2016-06-13,16.12,-2.3,2016-06-15,601199.SH,7.9,8.2,7.8,8.19,8.0,16.18,-0.5055624227441285,2.38,-0.4938195302843016,2.38,80859.32,65272.556,1.7292,2016-06-14,2016-06-16,0,0,1242,False,-0.49193548387096775,False,10,corporate_action_unadjusted_price_discontinuity,High,unadjusted_price_discontinuity_ex_rights_or_corporate_action; nearest/event trading date 2016-06-15 differs from label date 2016-06-13
2017-04-24,002706,002706.SZ,良信股份,-0.5131372549019608,0.5131372549019608,2014-01-21,,1189.0,,主板,SZSE,上市,002706.SZ.csv,True,True,2014-01-21,2017-04-24,25.27,-3.44,2017-04-26,002706.SZ,12.17,12.69,12.17,12.17,12.54,25.48,-0.5078492935635793,-2.95,-0.5223704866562009,2.95,15086.0,18580.878,0.4153,2017-04-25,2017-04-27,0,0,781,False,-0.518401266323704,True,10,corporate_action_unadjusted_price_discontinuity,High,unadjusted_price_discontinuity_ex_rights_or_corporate_action; label_matches_local_raw_move; nearest/event trading date 2017-04-26 differs from label date 2017-04-24
2019-07-05,300628,300628.SZ,亿联网络,-0.51304976067913,0.51304976067913,2017-03-17,,840.0,,创业板,SZSE,上市,300628.SZ.csv,True,True,2017-03-17,2019-07-05,112.88,-0.1062,2019-07-09,300628.SZ,53.12,54.88,52.51,53.2,53.7,108.6,-0.5055248618784529,-0.9311,-0.5101289134438305,0.9311,26158.92,139918.886,1.7514,2019-07-08,2019-07-10,0,0,563,False,-0.5287030474840538,True,10,corporate_action_unadjusted_price_discontinuity,High,unadjusted_price_discontinuity_ex_rights_or_corporate_action; label_matches_local_raw_move; nearest/event trading date 2019-07-09 differs from label date 2019-07-05
2018-05-09,300547,300547.SZ,川环科技,-0.5130478005136277,0.5130478005136277,2016-09-30,,586.0,,创业板,SZSE,上市,300547.SZ.csv,True,True,2016-09-30,2018-05-09,59.92,-0.83,2018-05-11,300547.SZ,30.42,30.42,28.91,29.0,30.78,62.56,-0.507992327365729,-5.78,-0.5364450127877238,5.78,60521.12,178005.725,9.6707,2018-05-10,2018-05-14,0,0,389,False,-0.5160213618157543,True,10,corporate_action_unadjusted_price_discontinuity,High,unadjusted_price_discontinuity_ex_rights_or_corporate_action; label_matches_local_raw_move; nearest/event trading date 2018-05-11 differs from label date 2018-05-09
2017-09-18,002370,002370.SZ,亚太药业,-0.5130140150931779,0.5130140150931779,2010-03-16,,2743.0,,主板,SZSE,上市,002370.SZ.csv,True,True,2010-03-16,2017-09-18,32.46,-1.34,2017-09-20,002370.SZ,15.75,16.15,15.55,15.61,15.7,31.4,-0.5,-0.57,-0.5028662420382166,0.57,22969.1,36275.696,0.563,2017-09-19,2017-09-21,0,0,1707,False,-0.5191004313000617,True,10,corporate_action_unadjusted_price_discontinuity,High,unadjusted_price_discontinuity_ex_rights_or_corporate_action; label_matches_local_raw_move; nearest/event trading date 2017-09-20 differs from label date 2017-09-18
2016-05-18,300012,300012.SZ,华测检测,-0.5129571324775974,0.5129571324775974,2009-10-30,,2392.0,,创业板,SZSE,上市,300012.SZ.csv,True,True,2009-10-30,2016-05-18,20.44,-4.49,2016-05-20,300012.SZ,10.09,10.27,9.97,10.26,10.13,20.35,-0.5022113022113022,1.28,-0.4958230958230959,1.28,32377.59,32863.8581,0.48,2016-05-19,2016-05-23,0,0,1499,False,-0.49804305283757344,True,10,corporate_action_unadjusted_price_discontinuity,High,unadjusted_price_discontinuity_ex_rights_or_corporate_action; label_matches_local_raw_move; nearest/event trading date 2016-05-20 differs from label date 2016-05-18
2016-03-30,300077,300077.SZ,国民技术,-0.5129457743038595,0.5129457743038595,2010-04-30,,2161.0,,创业板,SZSE,上市,300077.SZ.csv,True,True,2010-04-30,2016-03-30,40.06,9.99,2016-04-01,300077.SZ,20.1,20.1,18.5,19.0,20.18,40.45,-0.5011124845488257,-5.85,-0.5302843016069221,5.85,674285.33,1295216.701,12.662,2016-03-31,2016-04-05,0,0,1374,False,-0.525711432850724,True,10,corporate_action_unadjusted_price_discontinuity,High,unadjusted_price_discontinuity_ex_rights_or_corporate_action; label_matches_local_raw_move; nearest/event trading date 2016-04-01 differs from label date 2016-03-30
2016-05-17,002221,002221.SZ,东华能源,-0.5126705653021443,0.5126705653021443,2008-03-06,,2994.0,,主板,SZSE,上市,002221.SZ.csv,True,True,2008-03-06,2016-05-17,20.74,1.22,2016-05-19,002221.SZ,10.0,10.36,9.71,9.98,9.98,20.01,-0.5012493753123439,0.0,-0.5012493753123439,0.0,77555.58,78747.0436,0.6127,2016-05-18,2016-05-20,0,0,1944,False,-0.5188042430086788,True,10,corporate_action_unadjusted_price_discontinuity,High,unadjusted_price_discontinuity_ex_rights_or_corporate_action; label_matches_local_raw_move; nearest/event trading date 2016-05-19 differs from label date 2016-05-17
2017-07-19,000338,000338.SZ,潍柴动力,-0.5125962211336599,0.5125962211336599,2007-04-30,,3733.0,,主板,SZSE,上市,000338.SZ.csv,True,True,2007-04-30,2017-07-19,14.32,4.68,2017-07-21,000338.SZ,7.01,7.05,6.88,6.91,6.96,14.17,-0.5088214537755822,-0.72,-0.512350035285815,0.72,1207646.99,839855.802,2.7962,2017-07-20,2017-07-24,0,0,2426,False,-0.5174581005586592,True,10,corporate_action_unadjusted_price_discontinuity,High,unadjusted_price_discontinuity_ex_rights_or_corporate_action; label_matches_local_raw_move; nearest/event trading date 2017-07-21 differs from label date 2017-07-19
2017-03-23,002277,002277.SZ,友阿股份,-0.5124146492861575,0.5124146492861575,2009-07-17,,2806.0,,主板,SZSE,上市,002277.SZ.csv,True,True,2009-07-17,2017-03-23,16.32,-3.43,2017-03-27,002277.SZ,7.89,7.96,7.53,7.56,7.86,15.82,-0.5031605562579013,-3.82,-0.5221238938053098,3.82,460839.14,356565.852,4.0701,2017-03-24,2017-03-28,0,0,1846,False,-0.536764705882353,False,10,corporate_action_unadjusted_price_discontinuity,High,unadjusted_price_discontinuity_ex_rights_or_corporate_action; nearest/event trading date 2017-03-27 differs from label date 2017-03-23
2018-05-11,300241,300241.SZ,瑞丰光电,-0.5121882880358637,0.5121882880358637,2011-07-12,,2495.0,,创业板,SZSE,上市,300241.SZ.csv,True,True,2011-07-12,2018-05-11,17.72,-1.56,2018-05-15,300241.SZ,8.54,9.43,8.5,9.15,8.57,17.2,-0.5017441860465116,6.77,-0.46802325581395343,6.77,260439.58,236338.039,7.1066,2018-05-14,2018-05-16,0,0,1538,False,-0.4836343115124153,False,10,corporate_action_unadjusted_price_discontinuity,High,unadjusted_price_discontinuity_ex_rights_or_corporate_action; nearest/event trading date 2018-05-15 differs from label date 2018-05-11
2016-05-10,002470,002470.SZ,金正大,-0.5119846596356658,0.5119846596356658,2010-09-08,,2071.0,,主板,SZSE,上市,002470.SZ.csv,True,True,2010-09-08,2016-05-10,15.58,-0.45,2016-05-12,002470.SZ,7.76,7.97,7.6,7.77,7.91,15.92,-0.5031407035175879,-1.77,-0.5119346733668342,1.77,132727.12,103827.401,0.4901,2016-05-11,2016-05-13,0,0,1343,False,-0.5012836970474968,True,10,corporate_action_unadjusted_price_discontinuity,High,unadjusted_price_discontinuity_ex_rights_or_corporate_action; label_matches_local_raw_move; nearest/event trading date 2016-05-12 differs from label date 2016-05-10
2016-06-17,600742,600742.SH,富维股份,-0.5118896351424941,0.5118896351424941,1996-08-26,,7235.0,,主板,SSE,上市,600742.SH.csv,True,True,1996-08-26,2016-06-17,27.36,-0.07,2016-06-21,600742.SH,13.44,13.51,12.98,13.01,13.36,27.22,-0.5091844232182219,-2.62,-0.5220426157237326,2.62,60631.92,80152.689,2.8664,2016-06-20,2016-06-22,0,0,4738,False,-0.5244883040935673,True,10,corporate_action_unadjusted_price_discontinuity,High,unadjusted_price_discontinuity_ex_rights_or_corporate_action; label_matches_local_raw_move; nearest/event trading date 2016-06-21 differs from label date 2016-06-17
2016-06-21,000966,000966.SZ,长源电力,-0.5118364418938307,0.5118364418938307,2000-03-16,,5941.0,,主板,SZSE,上市,000966.SZ.csv,True,True,2000-03-16,2016-06-21,13.96,-3.12,2016-06-23,000966.SZ,6.85,6.85,6.6,6.61,6.85,13.96,-0.5093123209169055,-3.5,-0.5265042979942693,3.5,207613.54,138811.3779,1.8733,2016-06-22,2016-06-24,0,0,3875,False,-0.5265042979942693,True,10,corporate_action_unadjusted_price_discontinuity,High,unadjusted_price_discontinuity_ex_rights_or_corporate_action; label_matches_local_raw_move; nearest/event trading date 2016-06-23 differs from label date 2016-06-21
2017-06-22,300425,300425.SZ,中建环能,-0.5116684841875686,0.5116684841875686,2015-02-16,,857.0,,创业板,SZSE,上市,300425.SZ.csv,True,True,2015-02-16,2017-06-22,22.69,-2.16,2017-06-26,300425.SZ,11.3,11.31,10.84,11.15,11.31,22.5,-0.4973333333333333,-1.41,-0.5044444444444445,1.41,42699.3,47331.501,2.8722,2017-06-23,2017-06-27,0,0,458,False,-0.5085940943146761,True,10,corporate_action_unadjusted_price_discontinuity,High,unadjusted_price_discontinuity_ex_rights_or_corporate_action; label_matches_local_raw_move; nearest/event trading date 2017-06-26 differs from label date 2017-06-22
2016-05-13,002382,002382.SZ,蓝帆医疗,-0.511101801424382,0.511101801424382,2010-04-02,,2233.0,,主板,SZSE,上市,002382.SZ.csv,True,True,2010-04-02,2016-05-13,23.64,0.6,2016-05-17,002382.SZ,11.58,12.18,11.3,11.88,11.75,23.89,-0.5081624110506489,1.11,-0.5027208036835495,1.11,116995.44,137000.4323,2.4332,2016-05-16,2016-05-18,0,0,1408,False,-0.4974619289340101,True,10,corporate_action_unadjusted_price_discontinuity,High,unadjusted_price_discontinuity_ex_rights_or_corporate_action; label_matches_local_raw_move; nearest/event trading date 2016-05-17 differs from label date 2016-05-13
2017-04-12,300420,300420.SZ,五洋自控,-0.5110088070456367,0.5110088070456367,2015-02-17,,785.0,,创业板,SZSE,上市,300420.SZ.csv,True,True,2015-02-17,2017-04-12,25.0,0.48,2017-04-14,300420.SZ,12.28,13.11,11.78,12.0,12.64,25.27,-0.4998021369212504,-5.06,-0.5251286110011872,5.06,274646.46,345160.192,14.9632,2017-04-13,2017-04-17,0,0,383,False,-0.52,True,10,corporate_action_unadjusted_price_discontinuity,High,unadjusted_price_discontinuity_ex_rights_or_corporate_action; label_matches_local_raw_move; nearest/event trading date 2017-04-14 differs from label date 2017-04-12
2016-06-07,000592,000592.SZ,平潭发展,-0.5106837606837604,0.5106837606837604,1996-03-27,,7377.0,,主板,SZSE,上市,000592.SZ.csv,True,True,1996-03-27,2016-06-07,14.17,1.29,2016-06-13,000592.SZ,6.95,6.95,6.41,6.41,6.98,13.95,-0.4996415770609318,-8.17,-0.5405017921146953,8.17,307623.64,206512.769,1.8351,2016-06-08,2016-06-14,0,0,4291,False,-0.547635850388144,False,10,corporate_action_unadjusted_price_discontinuity,High,unadjusted_price_discontinuity_ex_rights_or_corporate_action; nearest/event trading date 2016-06-13 differs from label date 2016-06-07
2016-05-04,601058,601058.SH,赛轮轮胎,-0.5106761565836297,0.5106761565836297,2011-06-30,,1770.0,,主板,SSE,上市,601058.SH.csv,True,True,2011-06-30,2016-05-04,8.39,-0.36,2016-05-06,601058.SH,4.13,4.16,3.8,3.87,4.04,8.99,-0.5506117908787542,-4.21,-0.5695216907675195,4.21,1118970.3,444123.394,11.1063,2016-05-05,2016-05-09,0,0,1145,False,-0.5387365911799762,False,10,corporate_action_unadjusted_price_discontinuity,High,unadjusted_price_discontinuity_ex_rights_or_corporate_action; nearest/event trading date 2016-05-06 differs from label date 2016-05-04
2021-05-10,300692,300692.SZ,中赋科技,-0.5105536861425497,0.5105536861425497,2017-08-21,,1358.0,,创业板,SZSE,上市,300692.SZ.csv,True,True,2017-08-21,2021-05-10,16.17,-1.5225,2021-05-12,300692.SZ,8.23,8.42,7.95,8.35,8.31,15.86,-0.4760403530895334,0.4813,-0.47351828499369486,0.4813,122977.44,100765.947,4.128,2021-05-11,2021-05-13,0,0,898,False,-0.48361162646876943,False,10,corporate_action_unadjusted_price_discontinuity,High,unadjusted_price_discontinuity_ex_rights_or_corporate_action; nearest/event trading date 2021-05-12 differs from label date 2021-05-10
2017-07-05,002338,002338.SZ,奥普光电,-0.5105300353356887,0.5105300353356887,2010-01-15,,2728.0,,主板,SZSE,上市,002338.SZ.csv,True,True,2010-01-15,2017-07-05,35.3,0.63,2017-07-07,002338.SZ,17.37,18.7,17.07,17.88,17.4,35.0,-0.5028571428571429,2.76,-0.4891428571428572,2.76,33699.56,60528.483,1.4043,2017-07-06,2017-07-10,0,0,1775,False,-0.4934844192634561,True,10,corporate_action_unadjusted_price_discontinuity,High,unadjusted_price_discontinuity_ex_rights_or_corporate_action; label_matches_local_raw_move; nearest/event trading date 2017-07-07 differs from label date 2017-07-05
2016-06-16,600884,600884.SH,杉杉股份,-0.5105297580117727,0.5105297580117727,1996-01-30,,7443.0,,主板,SSE,上市,600884.SH.csv,True,True,1996-01-30,2016-06-16,38.41,6.19,2016-06-20,600884.SH,18.83,19.57,18.44,18.85,18.54,37.25,-0.5022818791946309,1.67,-0.49395973154362416,1.67,315002.33,597628.397,7.6669,2016-06-17,2016-06-21,0,0,4846,False,-0.509242384795626,True,10,corporate_action_unadjusted_price_discontinuity,High,unadjusted_price_discontinuity_ex_rights_or_corporate_action; label_matches_local_raw_move; nearest/event trading date 2016-06-20 differs from label date 2016-06-16
2016-05-24,300355,300355.SZ,蒙草生态,-0.5105127259313909,0.5105127259313909,2012-09-27,,1335.0,,创业板,SZSE,上市,300355.SZ.csv,True,True,2012-09-27,2016-05-24,13.53,-0.44,2016-05-26,300355.SZ,6.62,6.7,6.33,6.62,6.66,13.39,-0.5026138909634055,-0.6,-0.5056011949215833,0.6,147591.64,96137.4227,2.711,2016-05-25,2016-05-27,0,0,768,False,-0.5107169253510717,True,10,corporate_action_unadjusted_price_discontinuity,High,unadjusted_price_discontinuity_ex_rights_or_corporate_action; label_matches_local_raw_move; nearest/event trading date 2016-05-26 differs from label date 2016-05-24
2018-05-07,300509,300509.SZ,新美星,-0.510340972610398,0.510340972610398,2016-04-25,,742.0,,创业板,SZSE,上市,300509.SZ.csv,True,True,2016-04-25,2018-05-07,35.15,5.59,2018-05-09,300509.SZ,17.8,18.14,16.6,17.38,18.16,35.1,-0.4826210826210826,-4.3,-0.504843304843305,4.3,82572.67,142492.121,16.5244,2018-05-08,2018-05-10,0,0,492,False,-0.505547652916074,True,10,corporate_action_unadjusted_price_discontinuity,High,unadjusted_price_discontinuity_ex_rights_or_corporate_action; label_matches_local_raw_move; nearest/event trading date 2018-05-09 differs from label date 2018-05-07
2017-05-24,002217,002217.SZ,合力泰,-0.5101725469997427,0.5101725469997427,2008-02-20,,3381.0,,主板,SZSE,上市,002217.SZ.csv,True,True,2008-02-20,2017-05-24,19.22,2.34,2017-05-26,002217.SZ,9.4,9.55,8.51,8.75,9.41,18.9,-0.5021164021164021,-7.01,-0.537037037037037,7.01,329680.79,293121.572,2.0367,2017-05-25,2017-05-31,0,0,2078,False,-0.5447450572320499,False,10,corporate_action_unadjusted_price_discontinuity,High,unadjusted_price_discontinuity_ex_rights_or_corporate_action; nearest/event trading date 2017-05-26 differs from label date 2017-05-24
2016-05-25,002516,002516.SZ,旷达科技,-0.5100616016427105,0.5100616016427105,2010-12-07,,1996.0,,主板,SZSE,上市,002516.SZ.csv,True,True,2010-12-07,2016-05-25,12.17,0.5,2016-05-27,002516.SZ,5.92,6.05,5.86,5.89,5.96,11.97,-0.5020885547201337,-1.17,-0.5079365079365079,1.17,90593.01,53939.1518,1.6208,2016-05-26,2016-05-30,0,0,1294,False,-0.5160230073952342,True,10,corporate_action_unadjusted_price_discontinuity,High,unadjusted_price_discontinuity_ex_rights_or_corporate_action; label_matches_local_raw_move; nearest/event trading date 2016-05-27 differs from label date 2016-05-25
2018-05-22,300450,300450.SZ,先导智能,-0.5098879131862635,0.5098879131862635,2015-05-18,,1100.0,,创业板,SZSE,上市,300450.SZ.csv,True,True,2015-05-18,2018-05-22,70.88,0.91,2018-05-24,300450.SZ,34.95,35.27,33.57,34.32,34.6,69.32,-0.5008655510675128,-0.81,-0.5049047893825735,0.81,99885.59,341788.488,2.9601,2018-05-23,2018-05-25,0,0,588,False,-0.5158013544018059,True,10,corporate_action_unadjusted_price_discontinuity,High,unadjusted_price_discontinuity_ex_rights_or_corporate_action; label_matches_local_raw_move; nearest/event trading date 2018-05-24 differs from label date 2018-05-22
2017-05-09,300296,300296.SZ,利亚德,-0.5096333126165322,0.5096333126165322,2012-03-15,,1881.0,,创业板,SZSE,上市,300296.SZ.csv,True,True,2012-03-15,2017-05-09,39.89,0.73,2017-05-11,300296.SZ,19.87,20.19,19.34,19.97,19.87,39.86,-0.5015052684395384,0.5,-0.49899648770697447,0.5,77955.36,154937.322,0.973,2017-05-10,2017-05-12,0,0,1074,False,-0.49937327651040364,True,10,corporate_action_unadjusted_price_discontinuity,High,unadjusted_price_discontinuity_ex_rights_or_corporate_action; label_matches_local_raw_move; nearest/event trading date 2017-05-11 differs from label date 2017-05-09
2017-05-19,002578,002578.SZ,闽发铝业,-0.5094339622641509,0.5094339622641509,2011-04-28,,2213.0,,主板,SZSE,上市,002578.SZ.csv,True,True,2011-04-28,2017-05-19,9.09,-0.22,2017-05-23,002578.SZ,4.42,4.44,4.26,4.33,4.42,8.84,-0.5,-2.04,-0.5101809954751131,2.04,189679.23,81955.651,3.4575,2017-05-22,2017-05-24,0,0,1323,False,-0.5236523652365237,True,10,corporate_action_unadjusted_price_discontinuity,High,unadjusted_price_discontinuity_ex_rights_or_corporate_action; label_matches_local_raw_move; nearest/event trading date 2017-05-23 differs from label date 2017-05-19
2024-11-26,301066,301066.SZ,万事利,0.5093309057806094,0.5093309057806094,2021-09-22,,1161.0,,创业板,SZSE,上市,301066.SZ.csv,True,True,2021-09-22,2024-11-26,11.52,3.5971,2024-11-29,301066.SZ,17.5,19.9,17.32,19.9,16.58,16.58,0.0,20.0241,0.20024125452352237,20.0241,429855.22,797976.346,22.7685,2024-11-28,2024-12-02,0,0,771,False,0.7274305555555556,False,10,single_day_raw_price_jump_20_to_50pct,Medium,single_day_raw_price_jump_20_to_50pct; nearest/event trading date 2024-11-29 differs from label date 2024-11-26
2017-05-19,002830,002830.SZ,名雕股份,-0.5092584904093669,0.5092584904093669,2016-12-13,,157.0,,主板,SZSE,上市,002830.SZ.csv,True,True,2016-12-13,2017-05-19,62.4,-1.42,2017-05-23,002830.SZ,29.39,30.7,29.15,30.2,29.88,60.0,-0.502,1.07,-0.4966666666666667,1.07,54071.0,162539.29,16.2181,2017-05-22,2017-05-24,0,0,106,False,-0.516025641025641,True,10,corporate_action_unadjusted_price_discontinuity,High,unadjusted_price_discontinuity_ex_rights_or_corporate_action; label_matches_local_raw_move; nearest/event trading date 2017-05-23 differs from label date 2017-05-19
2016-06-22,601789,601789.SH,宁波建工,-0.5092134831460674,0.5092134831460674,2011-08-16,,1772.0,,主板,SSE,上市,601789.SH.csv,True,True,2011-08-16,2016-06-22,11.05,0.73,2016-06-24,601789.SH,5.46,5.54,5.15,5.36,5.43,10.98,-0.505464480874317,-1.29,-0.51183970856102,1.29,104816.58,56417.919,2.1477,2016-06-23,2016-06-27,0,0,1076,False,-0.5149321266968325,True,10,corporate_action_unadjusted_price_discontinuity,High,unadjusted_price_discontinuity_ex_rights_or_corporate_action; label_matches_local_raw_move; nearest/event trading date 2016-06-24 differs from label date 2016-06-22
2016-05-25,002183,002183.SZ,怡亚通,-0.5086009174311925,0.5086009174311925,2007-11-13,,3116.0,,主板,SZSE,上市,002183.SZ.csv,True,True,2007-11-13,2016-05-25,26.15,0.38,2016-05-27,002183.SZ,13.02,13.09,12.75,12.78,13.13,26.51,-0.5047152018106376,-2.67,-0.5179177668804225,2.67,350634.48,451911.7209,1.6715,2016-05-26,2016-05-30,0,0,1937,False,-0.5112810707456978,True,10,corporate_action_unadjusted_price_discontinuity,High,unadjusted_price_discontinuity_ex_rights_or_corporate_action; label_matches_local_raw_move; nearest/event trading date 2016-05-27 differs from label date 2016-05-25
2016-06-07,601801,601801.SH,皖新传媒,-0.5085903539639826,0.5085903539639826,2010-01-18,,2332.0,,主板,SSE,上市,601801.SH.csv,True,True,2010-01-18,2016-06-07,24.16,0.46,2016-06-13,601801.SH,11.8,12.09,11.38,11.39,11.83,23.91,-0.5052279381012128,-3.72,-0.5236302802174821,3.72,41626.69,49077.831,0.4574,2016-06-08,2016-06-14,0,0,1536,False,-0.5285596026490066,True,10,corporate_action_unadjusted_price_discontinuity,High,unadjusted_price_discontinuity_ex_rights_or_corporate_action; label_matches_local_raw_move; nearest/event trading date 2016-06-13 differs from label date 2016-06-07
2017-06-08,000903,000903.SZ,ST云动,-0.5084364454443194,0.5084364454443194,1999-04-15,,6629.0,,主板,SZSE,上市,000903.SZ.csv,True,True,1999-04-15,2017-06-08,8.86,-0.45,2017-06-12,000903.SZ,4.36,4.38,4.21,4.21,4.36,8.8,-0.5045454545454546,-3.44,-0.5215909090909092,3.44,170305.78,72660.821,1.0771,2017-06-09,2017-06-13,0,0,4208,False,-0.5248306997742663,True,10,corporate_action_unadjusted_price_discontinuity,High,unadjusted_price_discontinuity_ex_rights_or_corporate_action; label_matches_local_raw_move; nearest/event trading date 2017-06-12 differs from label date 2017-06-08
2017-04-13,300213,300213.SZ,佳讯飞鸿,-0.5082076308784382,0.5082076308784382,2011-05-05,,2170.0,,创业板,SZSE,上市,300213.SZ.csv,True,True,2011-05-05,2017-04-13,22.69,1.7,2017-04-17,300213.SZ,11.08,11.22,10.55,10.86,11.37,22.83,-0.5019710906701709,-4.49,-0.5243101182654402,4.49,45358.8,49285.45,1.4076,2017-04-14,2017-04-18,0,0,1216,False,-0.5213750550903482,True,10,corporate_action_unadjusted_price_discontinuity,High,unadjusted_price_discontinuity_ex_rights_or_corporate_action; label_matches_local_raw_move; nearest/event trading date 2017-04-17 differs from label date 2017-04-13
2017-08-22,600386,600386.SH,北巴传媒,-0.5081723625557203,0.5081723625557203,2001-02-16,,6031.0,,主板,SSE,上市,600386.SH.csv,True,True,2001-02-16,2017-08-22,13.46,-1.03,2017-08-24,600386.SH,6.64,6.64,6.44,6.45,6.62,13.35,-0.5041198501872659,-2.57,-0.5168539325842696,2.57,45470.51,29734.285,1.1277,2017-08-23,2017-08-25,0,0,3906,False,-0.5208023774145617,True,10,corporate_action_unadjusted_price_discontinuity,High,unadjusted_price_discontinuity_ex_rights_or_corporate_action; label_matches_local_raw_move; nearest/event trading date 2017-08-24 differs from label date 2017-08-22
2017-04-18,002801,002801.SZ,微光股份,-0.5081625564432095,0.5081625564432095,2016-06-22,,300.0,,主板,SZSE,上市,002801.SZ.csv,True,True,2016-06-22,2017-04-18,101.98,0.86,2017-04-20,002801.SZ,49.98,49.98,45.6,45.8,50.44,101.18,-0.5014825064241946,-9.2,-0.5473413718126112,9.2,21555.82,101665.783,7.3219,2017-04-19,2017-04-21,0,0,201,False,-0.5508923318297706,False,10,corporate_action_unadjusted_price_discontinuity,High,unadjusted_price_discontinuity_ex_rights_or_corporate_action; nearest/event trading date 2017-04-20 differs from label date 2017-04-18
2016-04-20,002707,002707.SZ,众信旅游,-0.5081421609414002,0.5081421609414002,2014-01-23,,818.0,,主板,SZSE,上市,002707.SZ.csv,True,True,2014-01-23,2016-04-20,42.15,-8.35,2016-04-22,002707.SZ,21.04,21.68,20.64,21.3,21.05,42.15,-0.5005931198102016,1.19,-0.494661921708185,1.19,69183.13,146956.4736,1.9491,2016-04-21,2016-04-25,0,0,334,False,-0.494661921708185,True,10,corporate_action_unadjusted_price_discontinuity,High,unadjusted_price_discontinuity_ex_rights_or_corporate_action; label_matches_local_raw_move; nearest/event trading date 2016-04-22 differs from label date 2016-04-20
2016-05-25,000035,000035.SZ,中国天楹,-0.5079488173710741,0.5079488173710741,1994-04-08,,8083.0,,主板,SZSE,上市,000035.SZ.csv,True,True,1994-04-08,2016-05-25,12.8,-0.85,2016-05-27,000035.SZ,6.4,6.44,6.22,6.32,6.39,12.78,-0.5,-1.1,-0.5054773082942097,1.1,87887.25,55527.3281,1.0829,2016-05-26,2016-05-30,0,0,4487,False,-0.50625,True,10,corporate_action_unadjusted_price_discontinuity,High,unadjusted_price_discontinuity_ex_rights_or_corporate_action; label_matches_local_raw_move; nearest/event trading date 2016-05-27 differs from label date 2016-05-25
2016-04-27,002510,002510.SZ,天汽模,-0.5079079798705965,0.5079079798705965,2010-11-25,,1980.0,,主板,SZSE,上市,002510.SZ.csv,True,True,2010-11-25,2016-04-27,13.88,-1.14,2016-04-29,002510.SZ,6.85,6.97,6.52,6.52,6.83,13.75,-0.5032727272727273,-4.54,-0.5258181818181819,4.54,322893.44,216320.0562,5.0651,2016-04-28,2016-05-03,0,0,1314,False,-0.5302593659942363,False,10,corporate_action_unadjusted_price_discontinuity,High,unadjusted_price_discontinuity_ex_rights_or_corporate_action; nearest/event trading date 2016-04-29 differs from label date 2016-04-27
2016-05-23,002747,002747.SZ,埃斯顿,-0.5078942700017739,0.5078942700017739,2015-03-20,,430.0,,主板,SZSE,上市,002747.SZ.csv,True,True,2015-03-20,2016-05-23,56.94,1.75,2016-05-25,002747.SZ,27.91,28.95,27.1,28.01,27.42,55.24,-0.50362056480811,2.15,-0.4929398986241854,2.15,51689.53,145449.817,8.6149,2016-05-24,2016-05-26,0,0,279,False,-0.5080786793115559,True,10,corporate_action_unadjusted_price_discontinuity,High,unadjusted_price_discontinuity_ex_rights_or_corporate_action; label_matches_local_raw_move; nearest/event trading date 2016-05-25 differs from label date 2016-05-23
2017-05-23,300484,300484.SZ,蓝海华腾,-0.5075715086932139,0.5075715086932139,2016-03-22,,427.0,,创业板,SZSE,上市,300484.SZ.csv,True,True,2016-03-22,2017-05-23,65.0,-4.12,2017-05-25,300484.SZ,31.45,31.67,30.2,31.1,31.45,63.19,-0.5022946668776704,-1.11,-0.5078335179617028,1.11,12030.38,37058.043,1.2814,2017-05-24,2017-05-26,0,0,287,False,-0.5215384615384615,True,10,corporate_action_unadjusted_price_discontinuity,High,unadjusted_price_discontinuity_ex_rights_or_corporate_action; label_matches_local_raw_move; nearest/event trading date 2017-05-25 differs from label date 2017-05-23
2016-04-28,300406,300406.SZ,九强生物,-0.5073317307692307,0.5073317307692307,2014-10-30,,546.0,,创业板,SZSE,上市,300406.SZ.csv,True,True,2014-10-30,2016-04-28,41.66,0.02,2016-05-03,300406.SZ,20.83,21.4,20.15,21.27,21.05,42.4,-0.5035377358490566,1.05,-0.4983490566037736,1.05,51792.14,108837.8602,2.5224,2016-04-29,2016-05-04,0,0,368,False,-0.4894383101296207,True,10,corporate_action_unadjusted_price_discontinuity,High,unadjusted_price_discontinuity_ex_rights_or_corporate_action; label_matches_local_raw_move; nearest/event trading date 2016-05-03 differs from label date 2016-04-28
2016-10-19,000626,000626.SZ,远大控股,-0.5073106237361956,0.5073106237361956,1996-11-28,,7265.0,,主板,SZSE,上市,000626.SZ.csv,True,True,1996-11-28,2016-10-19,64.8,4.69,2016-10-21,000626.SZ,32.5,32.88,30.76,31.98,32.9,66.13,-0.5024950854377741,-2.8,-0.5164070769696053,2.8,201839.18,637945.8919,4.9887,2016-10-20,2016-10-24,0,0,4558,False,-0.5064814814814815,True,10,corporate_action_unadjusted_price_discontinuity,High,unadjusted_price_discontinuity_ex_rights_or_corporate_action; label_matches_local_raw_move; nearest/event trading date 2016-10-21 differs from label date 2016-10-19
2018-05-16,300627,300627.SZ,华测导航,-0.5072761360592803,0.5072761360592803,2017-03-21,,421.0,,创业板,SZSE,上市,300627.SZ.csv,True,True,2017-03-21,2018-05-16,56.61,2.42,2018-05-18,300627.SZ,27.01,27.76,25.6,26.95,27.12,54.5,-0.5023853211009175,-0.63,-0.5055045871559634,0.63,50508.1,134832.554,5.0109,2018-05-17,2018-05-21,0,0,283,False,-0.5239357004062887,True,10,corporate_action_unadjusted_price_discontinuity,High,unadjusted_price_discontinuity_ex_rights_or_corporate_action; label_matches_local_raw_move; nearest/event trading date 2018-05-18 differs from label date 2018-05-16
2017-05-23,002169,002169.SZ,智光电气,-0.5071724577621929,0.5071724577621929,2007-09-19,,3534.0,,主板,SZSE,上市,002169.SZ.csv,True,True,2007-09-19,2017-05-23,15.95,-1.6,2017-05-25,002169.SZ,7.76,7.9,7.62,7.67,7.75,15.68,-0.5057397959183674,-1.03,-0.5108418367346939,1.03,63465.06,49253.1,1.2598,2017-05-24,2017-05-26,0,0,2266,False,-0.5191222570532915,True,10,corporate_action_unadjusted_price_discontinuity,High,unadjusted_price_discontinuity_ex_rights_or_corporate_action; label_matches_local_raw_move; nearest/event trading date 2017-05-25 differs from label date 2017-05-23
2016-07-19,300489,300489.SZ,光智科技,-0.5071436544257175,0.5071436544257175,2015-07-01,,384.0,,创业板,SZSE,上市,300489.SZ.csv,True,True,2015-07-01,2016-07-19,89.13,0.2,2016-07-21,300489.SZ,44.38,44.38,42.17,43.11,44.09,88.3,-0.5006795016987542,-2.22,-0.5117780294450736,2.22,22509.12,97158.7566,5.1882,2016-07-20,2016-07-22,0,0,259,False,-0.5163244698754628,True,10,corporate_action_unadjusted_price_discontinuity,High,unadjusted_price_discontinuity_ex_rights_or_corporate_action; label_matches_local_raw_move; nearest/event trading date 2016-07-21 differs from label date 2016-07-19
2017-04-12,002836,002836.SZ,新宏泽,-0.5071428571428577,0.5071428571428577,2016-12-29,,104.0,,主板,SZSE,上市,002836.SZ.csv,True,True,2016-12-29,2017-04-12,64.8,-6.18,2017-04-14,002836.SZ,31.0,34.16,30.0,32.35,31.05,62.3,-0.5016051364365971,4.19,-0.4807383627608346,4.19,121356.44,402883.219,30.3391,2017-04-13,2017-04-17,0,0,68,False,-0.5007716049382716,True,10,corporate_action_unadjusted_price_discontinuity,High,unadjusted_price_discontinuity_ex_rights_or_corporate_action; label_matches_local_raw_move; nearest/event trading date 2017-04-14 differs from label date 2017-04-12
2016-05-25,002333,002333.SZ,罗普斯金,-0.5070314497570954,0.5070314497570954,2010-01-12,,2325.0,,主板,SZSE,上市,002333.SZ.csv,True,True,2010-01-12,2016-05-25,19.57,0.88,2016-05-27,002333.SZ,9.65,9.78,9.26,9.49,9.6,19.4,-0.5051546391752577,-1.15,-0.5108247422680412,1.15,25845.4,24449.7087,0.5329,2016-05-26,2016-05-30,0,0,1523,False,-0.515074092999489,True,10,corporate_action_unadjusted_price_discontinuity,High,unadjusted_price_discontinuity_ex_rights_or_corporate_action; label_matches_local_raw_move; nearest/event trading date 2016-05-27 differs from label date 2016-05-25
2018-04-19,300511,300511.SZ,雪榕生物,-0.5069324090121292,0.5069324090121292,2016-05-04,,715.0,,创业板,SZSE,上市,300511.SZ.csv,True,True,2016-05-04,2018-04-19,23.14,0.04,2018-04-23,300511.SZ,11.38,11.82,11.26,11.58,11.4,21.78,-0.47658402203856753,1.58,-0.4683195592286502,1.58,39904.35,46261.65,1.7194,2018-04-20,2018-04-24,0,0,480,False,-0.4995678478824547,True,10,corporate_action_unadjusted_price_discontinuity,High,unadjusted_price_discontinuity_ex_rights_or_corporate_action; label_matches_local_raw_move; nearest/event trading date 2018-04-23 differs from label date 2018-04-19
2016-06-28,002711,002711.SZ,欧浦退(退),-0.5068803626355836,0.5068803626355836,2014-01-27,2021-07-15,883.0,,主板,SZSE,退市,002711.SZ.csv,True,True,2014-01-27,2016-06-28,30.81,3.67,2016-06-30,002711.SZ,15.28,15.31,14.65,14.9,15.19,30.43,-0.5008215576733487,-1.91,-0.5103516266841932,1.91,158808.26,236291.6291,6.319,2016-06-29,2016-07-01,0,0,538,False,-0.5163907822135669,True,10,corporate_action_unadjusted_price_discontinuity,High,unadjusted_price_discontinuity_ex_rights_or_corporate_action; label_matches_local_raw_move; nearest/event trading date 2016-06-30 differs from label date 2016-06-28
2016-09-13,600497,600497.SH,驰宏锌锗,-0.5068493150684926,0.5068493150684926,2004-04-20,,4529.0,,主板,SSE,上市,600497.SH.csv,True,True,2004-04-20,2016-09-13,11.99,-2.2,2016-09-19,600497.SH,5.98,6.08,5.85,5.89,5.89,11.88,-0.5042087542087543,0.0,-0.5042087542087543,0.0,494861.62,294620.35,2.9676,2016-09-14,2016-09-20,0,0,2738,False,-0.5087572977481234,True,10,corporate_action_unadjusted_price_discontinuity,High,unadjusted_price_discontinuity_ex_rights_or_corporate_action; label_matches_local_raw_move; nearest/event trading date 2016-09-19 differs from label date 2016-09-13
2016-05-06,002373,002373.SZ,千方科技,-0.5066987806713832,0.5066987806713832,2010-03-18,,2241.0,,主板,SZSE,上市,002373.SZ.csv,True,True,2010-03-18,2016-05-06,33.8,-6.01,2016-05-10,002373.SZ,16.25,17.5,16.08,16.6,16.07,32.23,-0.5013962147067949,3.3,-0.48495190816009914,3.3,236615.29,395643.4606,5.4118,2016-05-09,2016-05-11,0,0,1342,False,-0.5088757396449703,True,10,corporate_action_unadjusted_price_discontinuity,High,unadjusted_price_discontinuity_ex_rights_or_corporate_action; label_matches_local_raw_move; nearest/event trading date 2016-05-10 differs from label date 2016-05-06
2016-05-27,002550,002550.SZ,千红制药,-0.5066185318892894,0.5066185318892894,2011-02-18,,1925.0,,主板,SZSE,上市,002550.SZ.csv,True,True,2011-02-18,2016-05-27,16.86,1.08,2016-05-31,002550.SZ,8.21,8.44,8.09,8.4,8.18,16.5,-0.5042424242424243,2.69,-0.49090909090909085,2.69,167854.63,140373.1676,2.0632,2016-05-30,2016-06-01,0,0,1279,False,-0.5017793594306049,True,10,corporate_action_unadjusted_price_discontinuity,High,unadjusted_price_discontinuity_ex_rights_or_corporate_action; label_matches_local_raw_move; nearest/event trading date 2016-05-31 differs from label date 2016-05-27
2016-06-16,002263,002263.SZ,大东南,-0.5065989847715735,0.5065989847715735,2008-07-28,,2880.0,,主板,SZSE,上市,002263.SZ.csv,True,True,2008-07-28,2016-06-16,9.54,1.71,2016-06-20,002263.SZ,5.0,5.07,4.64,4.7,4.94,9.9,-0.5010101010101009,-4.86,-0.5252525252525253,4.86,1488875.27,708969.8799,8.2482,2016-06-17,2016-06-21,0,0,1759,False,-0.5073375262054507,True,10,corporate_action_unadjusted_price_discontinuity,High,unadjusted_price_discontinuity_ex_rights_or_corporate_action; label_matches_local_raw_move; nearest/event trading date 2016-06-20 differs from label date 2016-06-16
2016-06-24,002554,002554.SZ,惠博普,-0.5065934065934066,0.5065934065934066,2011-02-25,,1946.0,,主板,SZSE,上市,002554.SZ.csv,True,True,2011-02-25,2016-06-24,13.55,-0.59,2016-06-28,002554.SZ,6.78,6.86,6.63,6.78,6.77,13.74,-0.507278020378457,0.15,-0.5065502183406114,0.15,136227.83,92616.9156,2.3995,2016-06-27,2016-06-29,0,0,1264,False,-0.4996309963099631,True,10,corporate_action_unadjusted_price_discontinuity,High,unadjusted_price_discontinuity_ex_rights_or_corporate_action; label_matches_local_raw_move; nearest/event trading date 2016-06-28 differs from label date 2016-06-24
2016-05-13,002706,002706.SZ,良信股份,-0.5065757895747336,0.5065757895747336,2014-01-21,,843.0,,主板,SZSE,上市,002706.SZ.csv,True,True,2014-01-21,2016-05-13,52.47,1.51,2016-05-17,002706.SZ,25.95,25.95,24.78,24.8,25.99,52.47,-0.5046693348580141,-4.58,-0.5273489613112254,4.58,19074.04,48415.9281,2.6539,2016-05-16,2016-05-18,0,0,552,False,-0.5273489613112254,False,10,corporate_action_unadjusted_price_discontinuity,High,unadjusted_price_discontinuity_ex_rights_or_corporate_action; nearest/event trading date 2016-05-17 differs from label date 2016-05-13
2022-05-18,002913,002913.SZ,奥士康,-0.5065633917651848,0.5065633917651848,2017-12-01,,1629.0,,主板,SZSE,上市,002913.SZ.csv,True,True,2017-12-01,2022-05-18,62.11,-1.2088,2022-05-20,002913.SZ,30.58,30.72,29.91,30.24,30.58,62.86,-0.513522112631244,-1.1118,-0.5189309576837416,1.1118,30206.62,91190.345,1.1432,2022-05-19,2022-05-23,0,0,1082,False,-0.5131218805345354,True,10,corporate_action_unadjusted_price_discontinuity,High,unadjusted_price_discontinuity_ex_rights_or_corporate_action; label_matches_local_raw_move; nearest/event trading date 2022-05-20 differs from label date 2022-05-18
2016-05-27,300446,300446.SZ,航天智造,-0.5063674189887785,0.5063674189887785,2015-04-23,,400.0,,创业板,SZSE,上市,300446.SZ.csv,True,True,2015-04-23,2016-05-27,81.62,1.04,2016-05-31,300446.SZ,39.1,41.59,38.9,41.49,39.24,79.08,-0.5037936267071319,5.73,-0.47534142640364185,5.73,44973.45,182415.3817,5.974,2016-05-30,2016-06-01,0,0,271,False,-0.4916687086498407,True,10,corporate_action_unadjusted_price_discontinuity,High,unadjusted_price_discontinuity_ex_rights_or_corporate_action; label_matches_local_raw_move; nearest/event trading date 2016-05-31 differs from label date 2016-05-27
2016-05-03,002637,002637.SZ,赞宇科技,-0.5063341250989708,0.5063341250989708,2011-11-25,,1621.0,,主板,SZSE,上市,002637.SZ.csv,True,True,2011-11-25,2016-05-03,25.33,3.22,2016-05-05,002637.SZ,12.5,13.22,12.28,12.95,12.43,24.95,-0.5018036072144288,4.18,-0.4809619238476954,4.18,134473.59,172603.0547,5.9495,2016-05-04,2016-05-06,0,0,1010,False,-0.488748519542045,True,10,corporate_action_unadjusted_price_discontinuity,High,unadjusted_price_discontinuity_ex_rights_or_corporate_action; label_matches_local_raw_move; nearest/event trading date 2016-05-05 differs from label date 2016-05-03
2018-05-10,002461,002461.SZ,珠江啤酒,-0.5061104087652762,0.5061104087652762,2010-08-18,,2822.0,,主板,SZSE,上市,002461.SZ.csv,True,True,2010-08-18,2018-05-10,11.95,3.37,2018-05-14,002461.SZ,5.84,5.93,5.71,5.71,5.84,11.78,-0.5042444821731749,-2.23,-0.5152801358234296,2.23,205700.52,119540.239,1.5121,2018-05-11,2018-05-15,0,0,1825,False,-0.5221757322175732,True,10,corporate_action_unadjusted_price_discontinuity,High,unadjusted_price_discontinuity_ex_rights_or_corporate_action; label_matches_local_raw_move; nearest/event trading date 2018-05-14 differs from label date 2018-05-10
2018-04-24,002838,002838.SZ,道恩股份,-0.5059437840239976,0.5059437840239976,2017-01-06,,473.0,,主板,SZSE,上市,002838.SZ.csv,True,True,2017-01-06,2018-04-24,44.5,1.41,2018-04-26,002838.SZ,22.49,22.53,21.4,21.6,22.53,45.21,-0.5016589250165893,-4.13,-0.522229595222296,4.13,6415.78,14056.74,0.8519,2018-04-25,2018-04-27,0,0,316,False,-0.5146067415730337,True,10,corporate_action_unadjusted_price_discontinuity,High,unadjusted_price_discontinuity_ex_rights_or_corporate_action; label_matches_local_raw_move; nearest/event trading date 2018-04-26 differs from label date 2018-04-24
2020-06-05,000661,000661.SZ,长春高新,-0.5059392775356427,0.5059392775356427,1996-12-18,,8570.0,,主板,SZSE,上市,000661.SZ.csv,True,True,1996-12-18,2020-06-05,680.39,2.3143,2020-06-09,000661.SZ,333.0,340.1,331.36,334.8,332.73,666.46,-0.5007502325720974,0.6221,-0.4976442697236143,0.6221,38466.56,1292758.496,1.1313,2020-06-08,2020-06-10,0,0,5578,False,-0.5079292758564941,True,10,corporate_action_unadjusted_price_discontinuity,High,unadjusted_price_discontinuity_ex_rights_or_corporate_action; label_matches_local_raw_move; nearest/event trading date 2020-06-09 differs from label date 2020-06-05
2016-06-15,600305,600305.SH,恒顺醋业,-0.5059164992185755,0.5059164992185755,2001-02-06,,5608.0,,主板,SSE,上市,600305.SH.csv,True,True,2001-02-06,2016-06-15,22.47,2.7,2016-06-17,600305.SH,11.11,11.44,10.98,11.08,10.97,22.18,-0.5054102795311091,1.0,-0.5004508566275925,1.0,68111.95,76213.32,2.2601,2016-06-16,2016-06-20,0,0,3662,False,-0.5068980863373387,True,10,corporate_action_unadjusted_price_discontinuity,High,unadjusted_price_discontinuity_ex_rights_or_corporate_action; label_matches_local_raw_move; nearest/event trading date 2016-06-17 differs from label date 2016-06-15
2016-04-28,300027,300027.SZ,ST华谊,-0.5057908070937388,0.5057908070937388,2009-10-30,,2372.0,,创业板,SZSE,上市,300027.SZ.csv,True,True,2009-10-30,2016-04-28,27.97,3.1,2016-05-03,300027.SZ,13.89,14.12,13.51,14.06,13.75,27.58,-0.5014503263234227,2.25,-0.49021029731689625,2.25,528463.32,734672.1197,2.7947,2016-04-29,2016-05-04,0,0,1431,False,-0.4973185555952806,True,10,corporate_action_unadjusted_price_discontinuity,High,unadjusted_price_discontinuity_ex_rights_or_corporate_action; label_matches_local_raw_move; nearest/event trading date 2016-05-03 differs from label date 2016-04-28
2017-07-11,000587,000587.SZ,*ST金洲(退),-0.5057692307692296,0.5057692307692296,1996-04-25,2023-04-03,7747.0,,主板,SZSE,退市,000587.SZ.csv,True,True,1996-04-25,2017-07-11,15.63,0.0,2017-07-13,000587.SZ,7.64,7.82,7.58,7.75,7.64,15.42,-0.5045395590142672,1.44,-0.4974059662775616,1.44,256976.84,198762.464,2.2303,2017-07-12,2017-07-14,0,0,4545,False,-0.5041586692258477,True,10,corporate_action_unadjusted_price_discontinuity,High,unadjusted_price_discontinuity_ex_rights_or_corporate_action; label_matches_local_raw_move; nearest/event trading date 2017-07-13 differs from label date 2017-07-11
2016-06-22,002204,002204.SZ,大连重工,-0.505671641791045,0.505671641791045,2008-01-16,,3080.0,,主板,SZSE,上市,002204.SZ.csv,True,True,2008-01-16,2016-06-22,8.42,1.81,2016-06-24,002204.SZ,4.21,4.21,3.81,3.95,4.1,8.21,-0.5006090133982948,-3.66,-0.5188794153471377,3.66,257379.09,103679.3075,1.3326,2016-06-23,2016-06-27,0,0,2013,False,-0.5308788598574822,False,10,corporate_action_unadjusted_price_discontinuity,High,unadjusted_price_discontinuity_ex_rights_or_corporate_action; nearest/event trading date 2016-06-24 differs from label date 2016-06-22
2020-07-01,002956,002956.SZ,西麦食品,-0.5055930479800317,0.5055930479800317,2019-06-19,,378.0,,主板,SZSE,上市,002956.SZ.csv,True,True,2019-06-19,2020-07-01,109.4,0.367,2020-07-03,002956.SZ,51.0,53.99,50.96,51.8,52.2,106.0,-0.5075471698113208,-0.7663,-0.5113207547169811,0.7663,43502.02,227220.614,6.2301,2020-07-02,2020-07-06,0,0,253,False,-0.5265082266910421,False,10,corporate_action_unadjusted_price_discontinuity,High,unadjusted_price_discontinuity_ex_rights_or_corporate_action; nearest/event trading date 2020-07-03 differs from label date 2020-07-01
2019-05-10,300429,300429.SZ,强力新材,-0.5054808686659771,0.5054808686659771,2015-03-24,,1508.0,,创业板,SZSE,上市,300429.SZ.csv,True,True,2015-03-24,2019-05-10,23.96,2.8768,2019-05-14,300429.SZ,12.05,12.95,11.72,12.53,12.21,23.34,-0.4768637532133676,2.6208,-0.4631533847472151,2.6208,121614.2,150361.398,4.4955,2019-05-13,2019-05-15,0,0,913,False,-0.4770450751252088,False,10,corporate_action_unadjusted_price_discontinuity,High,unadjusted_price_discontinuity_ex_rights_or_corporate_action; nearest/event trading date 2019-05-14 differs from label date 2019-05-10
2023-03-10,301059,301059.SZ,金三江,-0.5051995974505191,0.5051995974505191,2021-09-13,,543.0,,创业板,SZSE,上市,301059.SZ.csv,True,True,2021-09-13,2023-03-10,30.79,0.3913,2023-03-14,301059.SZ,15.25,15.25,13.9,14.22,15.29,29.36,-0.4792234332425068,-6.998,-0.5156675749318801,6.998,79586.78,114770.806,12.1254,2023-03-13,2023-03-15,0,0,360,False,-0.5381617408249431,False,10,corporate_action_unadjusted_price_discontinuity,High,unadjusted_price_discontinuity_ex_rights_or_corporate_action; nearest/event trading date 2023-03-14 differs from label date 2023-03-10
2016-03-30,300453,300453.SZ,三鑫医疗,-0.505019305019305,0.505019305019305,2015-05-15,,320.0,,创业板,SZSE,上市,300453.SZ.csv,True,True,2015-05-15,2016-03-30,67.98,10.0,2016-04-01,300453.SZ,36.5,36.5,33.56,34.51,37.29,74.78,-0.5013372559507889,-7.46,-0.5385129713827227,7.46,138141.26,479969.6453,34.7793,2016-03-31,2016-04-05,0,0,216,False,-0.4923506913798177,True,10,corporate_action_unadjusted_price_discontinuity,High,unadjusted_price_discontinuity_ex_rights_or_corporate_action; label_matches_local_raw_move; nearest/event trading date 2016-04-01 differs from label date 2016-03-30
2016-07-06,000056,000056.SZ,*ST皇庭,-0.5047786229763996,0.5047786229763996,1996-07-08,,7303.0,,主板,SZSE,上市,000056.SZ.csv,True,True,1996-07-08,2016-07-06,25.84,0.16,2016-07-08,000056.SZ,12.99,12.99,12.61,12.65,12.79,25.57,-0.4998044583496285,-1.09,-0.5052796245600313,1.09,23657.06,30085.138,1.6537,2016-07-07,2016-07-11,0,0,4655,False,-0.5104489164086687,True,10,corporate_action_unadjusted_price_discontinuity,High,unadjusted_price_discontinuity_ex_rights_or_corporate_action; label_matches_local_raw_move; nearest/event trading date 2016-07-08 differs from label date 2016-07-06
2016-05-27,600271,600271.SH,航天信息,-0.5047502298498314,0.5047502298498314,2003-07-11,,4704.0,,主板,SSE,上市,600271.SH.csv,True,True,2003-07-11,2016-05-27,49.25,0.24,2016-05-31,600271.SH,24.26,25.77,24.2,25.29,24.03,48.56,-0.5051482701812191,5.24,-0.47920098846787484,5.24,157067.94,395064.046,1.701,2016-05-30,2016-06-01,0,0,2949,False,-0.48649746192893406,True,10,corporate_action_unadjusted_price_discontinuity,High,unadjusted_price_discontinuity_ex_rights_or_corporate_action; label_matches_local_raw_move; nearest/event trading date 2016-05-31 differs from label date 2016-05-27
2017-05-23,300590,300590.SZ,移为通信,-0.5046836483155299,0.5046836483155299,2017-01-11,,132.0,,创业板,SZSE,上市,300590.SZ.csv,True,True,2017-01-11,2017-05-23,61.24,-3.21,2017-05-25,300590.SZ,30.75,30.75,27.9,28.83,30.71,62.21,-0.5063494615013664,-6.12,-0.5365696833306542,6.12,32829.38,94583.094,8.2073,2017-05-24,2017-05-26,0,0,88,False,-0.5292292619203136,False,10,corporate_action_unadjusted_price_discontinuity,High,unadjusted_price_discontinuity_ex_rights_or_corporate_action; nearest/event trading date 2017-05-25 differs from label date 2017-05-23
2017-05-23,600420,600420.SH,XD国药现,-0.5045461320614103,0.5045461320614103,2004-06-16,,4724.0,,主板,SSE,上市,600420.SH.csv,True,True,2004-06-16,2017-05-23,33.62,-3.67,2017-05-25,600420.SH,16.85,17.35,16.49,17.11,16.66,33.58,-0.5038713519952353,2.7,-0.49047051816557474,2.7,19459.31,32946.594,0.6763,2017-05-24,2017-05-26,0,0,2980,False,-0.491076740035693,True,10,corporate_action_unadjusted_price_discontinuity,High,unadjusted_price_discontinuity_ex_rights_or_corporate_action; label_matches_local_raw_move; nearest/event trading date 2017-05-25 differs from label date 2017-05-23
2018-06-05,300718,300718.SZ,长盛轴承,-0.5044300647088102,0.5044300647088102,2017-11-06,,211.0,,创业板,SZSE,上市,300718.SZ.csv,True,True,2017-11-06,2018-06-05,50.51,2.45,2018-06-07,300718.SZ,25.59,25.59,23.11,23.49,25.37,50.6,-0.49861660079051384,-7.41,-0.5357707509881424,7.41,111688.91,267799.008,22.5634,2018-06-06,2018-06-08,0,0,143,False,-0.5349435755295981,False,10,corporate_action_unadjusted_price_discontinuity,High,unadjusted_price_discontinuity_ex_rights_or_corporate_action; nearest/event trading date 2018-06-07 differs from label date 2018-06-05
2017-07-04,002218,002218.SZ,拓日新能,-0.5042778057372924,0.5042778057372924,2008-02-28,,3414.0,,主板,SZSE,上市,002218.SZ.csv,True,True,2008-02-28,2017-07-04,9.92,-0.1,2017-07-06,002218.SZ,4.9,4.95,4.76,4.79,4.94,9.92,-0.502016129032258,-3.04,-0.5171370967741935,3.04,253232.98,122250.833,2.0837,2017-07-05,2017-07-07,0,0,2249,False,-0.5171370967741935,True,10,corporate_action_unadjusted_price_discontinuity,High,unadjusted_price_discontinuity_ex_rights_or_corporate_action; label_matches_local_raw_move; nearest/event trading date 2017-07-06 differs from label date 2017-07-04
2018-05-21,300648,300648.SZ,星云股份,-0.5041481605631438,0.5041481605631438,2017-04-25,,391.0,,创业板,SZSE,上市,300648.SZ.csv,True,True,2017-04-25,2018-05-21,59.75,1.75,2018-05-23,300648.SZ,29.7,29.89,28.71,29.33,30.11,60.32,-0.5008289124668435,-2.59,-0.5137599469496021,2.59,24089.0,70519.842,4.9399,2018-05-22,2018-05-24,0,0,263,False,-0.5091213389121338,True,10,corporate_action_unadjusted_price_discontinuity,High,unadjusted_price_discontinuity_ex_rights_or_corporate_action; label_matches_local_raw_move; nearest/event trading date 2018-05-23 differs from label date 2018-05-21
2017-09-22,002171,002171.SZ,楚江新材,-0.5040160642570269,0.5040160642570269,2007-09-21,,3654.0,,主板,SZSE,上市,002171.SZ.csv,True,True,2007-09-21,2017-09-22,17.75,-5.08,2017-09-26,002171.SZ,8.4,8.74,8.37,8.58,8.59,17.17,-0.49970879440885274,-0.12,-0.5002912055911474,0.12,97760.02,84056.955,1.1743,2017-09-25,2017-09-27,0,0,2239,False,-0.5166197183098591,True,10,corporate_action_unadjusted_price_discontinuity,High,unadjusted_price_discontinuity_ex_rights_or_corporate_action; label_matches_local_raw_move; nearest/event trading date 2017-09-26 differs from label date 2017-09-22
2016-05-04,002056,002056.SZ,横店东磁,-0.5039466760217506,0.5039466760217506,2006-08-02,,3563.0,,主板,SZSE,上市,002056.SZ.csv,True,True,2006-08-02,2016-05-04,28.51,-1.14,2016-05-06,002056.SZ,14.2,14.58,13.1,13.16,14.25,28.7,-0.5034843205574913,-7.65,-0.5414634146341464,7.65,555653.18,777763.6121,6.7628,2016-05-05,2016-05-09,0,0,2348,False,-0.5384075762890215,False,10,corporate_action_unadjusted_price_discontinuity,High,unadjusted_price_discontinuity_ex_rights_or_corporate_action; nearest/event trading date 2016-05-06 differs from label date 2016-05-04
2017-05-19,300369,300369.SZ,绿盟科技,-0.5038854805725977,0.5038854805725977,2014-01-29,,1206.0,,创业板,SZSE,上市,300369.SZ.csv,True,True,2014-01-29,2017-05-19,24.87,-2.24,2017-05-23,300369.SZ,12.25,12.25,11.66,11.83,12.25,24.62,-0.5024370430544274,-3.43,-0.5194963444354184,3.43,72294.51,86238.229,1.4304,2017-05-22,2017-05-24,0,0,721,False,-0.5243264977885003,False,10,corporate_action_unadjusted_price_discontinuity,High,unadjusted_price_discontinuity_ex_rights_or_corporate_action; nearest/event trading date 2017-05-23 differs from label date 2017-05-19
2016-05-25,002681,002681.SZ,奋达科技,-0.5036642238507665,0.5036642238507665,2012-06-05,,1450.0,,主板,SZSE,上市,002681.SZ.csv,True,True,2012-06-05,2016-05-25,29.61,-0.6,2016-05-27,002681.SZ,14.8,14.99,14.7,14.8,14.81,29.72,-0.5016823687752354,-0.07,-0.5020188425302826,0.07,75370.3,111981.4185,1.749,2016-05-26,2016-05-30,0,0,899,False,-0.5001688618709895,True,10,corporate_action_unadjusted_price_discontinuity,High,unadjusted_price_discontinuity_ex_rights_or_corporate_action; label_matches_local_raw_move; nearest/event trading date 2016-05-27 differs from label date 2016-05-25
2016-05-03,300036,300036.SZ,超图软件,-0.5035503670718499,0.5035503670718499,2009-12-25,,2321.0,,创业板,SZSE,上市,300036.SZ.csv,True,True,2009-12-25,2016-05-03,40.7,10.0,2016-05-05,300036.SZ,20.59,21.74,20.31,21.2,20.45,41.0,-0.501219512195122,3.67,-0.48292682926829267,3.67,393746.72,832440.0746,12.9062,2016-05-04,2016-05-06,0,0,1459,False,-0.47911547911547914,False,10,corporate_action_unadjusted_price_discontinuity,High,unadjusted_price_discontinuity_ex_rights_or_corporate_action; nearest/event trading date 2016-05-05 differs from label date 2016-05-03
2016-06-22,000716,000716.SZ,黑芝麻,-0.5034062387952668,0.5034062387952668,1997-04-18,,7005.0,,主板,SZSE,上市,000716.SZ.csv,True,True,1997-04-18,2016-06-22,13.9,-0.86,2016-06-24,000716.SZ,6.88,6.95,6.36,6.67,6.91,13.92,-0.5035919540229885,-3.47,-0.5208333333333333,3.47,158824.02,106590.7228,3.542,2016-06-23,2016-06-27,0,0,4195,False,-0.5201438848920863,True,10,corporate_action_unadjusted_price_discontinuity,High,unadjusted_price_discontinuity_ex_rights_or_corporate_action; label_matches_local_raw_move; nearest/event trading date 2016-06-24 differs from label date 2016-06-22
2016-06-22,300076,300076.SZ,*ST宁视,-0.5033310360670803,0.5033310360670803,2010-04-30,,2245.0,,创业板,SZSE,上市,300076.SZ.csv,True,True,2010-04-30,2016-06-22,22.15,6.85,2016-06-24,300076.SZ,10.85,10.99,10.0,10.49,10.88,21.75,-0.49977011494252865,-3.58,-0.5177011494252873,3.58,212210.91,223978.8096,5.7679,2016-06-23,2016-06-27,0,0,1453,False,-0.526410835214447,False,10,corporate_action_unadjusted_price_discontinuity,High,unadjusted_price_discontinuity_ex_rights_or_corporate_action; nearest/event trading date 2016-06-24 differs from label date 2016-06-22
2016-06-01,601933,601933.SH,永辉超市,-0.5031663788140472,0.5031663788140472,2010-12-15,,1995.0,,主板,SSE,上市,601933.SH.csv,True,True,2010-12-15,2016-06-01,8.63,-0.23,2016-06-03,601933.SH,4.34,4.34,4.27,4.28,4.27,8.69,-0.5086306098964327,0.23,-0.5074798619102416,0.23,366601.79,157968.579,1.1935,2016-06-02,2016-06-06,0,0,1311,False,-0.5040556199304751,True,10,corporate_action_unadjusted_price_discontinuity,High,unadjusted_price_discontinuity_ex_rights_or_corporate_action; label_matches_local_raw_move; nearest/event trading date 2016-06-03 differs from label date 2016-06-01
2016-05-25,300370,300370.SZ,安控科技,-0.5031152647975082,0.5031152647975082,2014-01-23,,853.0,,创业板,SZSE,上市,300370.SZ.csv,True,True,2014-01-23,2016-05-25,15.9,-1.06,2016-05-27,300370.SZ,7.94,8.0,7.68,7.81,7.94,15.94,-0.5018820577164367,-1.64,-0.5100376411543288,1.64,53323.71,41736.084,2.0543,2016-05-26,2016-05-30,0,0,481,False,-0.5088050314465409,True,10,corporate_action_unadjusted_price_discontinuity,High,unadjusted_price_discontinuity_ex_rights_or_corporate_action; label_matches_local_raw_move; nearest/event trading date 2016-05-27 differs from label date 2016-05-25
2017-06-16,000939,000939.SZ,凯迪退(退),-0.5029382957884425,0.5029382957884425,1999-09-23,2020-12-17,6476.0,,主板,SZSE,退市,000939.SZ.csv,True,True,1999-09-23,2017-06-16,10.18,-2.86,2017-06-20,000939.SZ,5.16,5.19,5.03,5.12,5.18,10.36,-0.5,-1.16,-0.5057915057915058,1.16,111527.53,57096.679,0.5254,2017-06-19,2017-06-21,0,0,4047,False,-0.4970530451866404,True,10,corporate_action_unadjusted_price_discontinuity,High,unadjusted_price_discontinuity_ex_rights_or_corporate_action; label_matches_local_raw_move; nearest/event trading date 2017-06-20 differs from label date 2017-06-16
2016-09-21,002347,002347.SZ,泰尔股份,-0.5029368575624078,0.5029368575624078,2010-01-28,,2428.0,,主板,SZSE,上市,002347.SZ.csv,True,True,2010-01-28,2016-09-21,20.36,-2.68,2016-09-23,002347.SZ,10.16,10.19,9.6,9.7,10.15,20.3,-0.5,-4.43,-0.5221674876847291,4.43,101726.06,100602.7595,3.1228,2016-09-22,2016-09-26,0,0,1468,False,-0.5235756385068763,False,10,corporate_action_unadjusted_price_discontinuity,High,unadjusted_price_discontinuity_ex_rights_or_corporate_action; nearest/event trading date 2016-09-23 differs from label date 2016-09-21
2021-05-25,002990,002990.SZ,盛视科技,-0.5027361751152075,0.5027361751152075,2020-05-25,,365.0,,主板,SZSE,上市,002990.SZ.csv,True,True,2020-05-25,2021-05-25,69.61,-0.8263,2021-05-27,002990.SZ,34.97,34.97,34.01,34.35,34.9,70.3,-0.5035561877667141,-1.5759,-0.511379800853485,1.5759,12848.98,44151.969,2.0356,2021-05-26,2021-05-28,0,0,245,False,-0.5065364171814395,True,10,corporate_action_unadjusted_price_discontinuity,High,unadjusted_price_discontinuity_ex_rights_or_corporate_action; label_matches_local_raw_move; nearest/event trading date 2021-05-27 differs from label date 2021-05-25
2017-09-27,300628,300628.SZ,亿联网络,-0.5025865233788338,0.5025865233788338,2017-03-17,,194.0,,创业板,SZSE,上市,300628.SZ.csv,True,True,2017-03-17,2017-09-27,300.5,-0.45,2017-09-29,300628.SZ,149.83,161.97,148.83,153.84,148.3,296.6,-0.5,3.74,-0.4813216453135536,3.74,41592.38,647808.276,11.1388,2017-09-28,2017-10-09,0,0,135,False,-0.4880532445923461,True,10,corporate_action_unadjusted_price_discontinuity,High,unadjusted_price_discontinuity_ex_rights_or_corporate_action; label_matches_local_raw_move; nearest/event trading date 2017-09-29 differs from label date 2017-09-27
2016-09-22,002472,002472.SZ,双环传动,-0.5025814138204925,0.5025814138204925,2010-09-10,,2204.0,,主板,SZSE,上市,002472.SZ.csv,True,True,2010-09-10,2016-09-22,25.12,-1.02,2016-09-26,002472.SZ,12.38,12.78,12.28,12.31,12.4,24.8,-0.5,-0.73,-0.5036290322580645,0.73,54677.74,68528.9758,1.2986,2016-09-23,2016-09-27,0,0,1450,False,-0.509952229299363,True,10,corporate_action_unadjusted_price_discontinuity,High,unadjusted_price_discontinuity_ex_rights_or_corporate_action; label_matches_local_raw_move; nearest/event trading date 2016-09-26 differs from label date 2016-09-22
2016-06-22,000727,000727.SZ,冠捷科技,-0.5025491624180627,0.5025491624180627,1997-05-20,,6973.0,,主板,SZSE,上市,000727.SZ.csv,True,True,1997-05-20,2016-06-22,6.91,2.52,2016-06-24,000727.SZ,3.4,3.44,3.13,3.28,3.39,6.78,-0.5,-3.24,-0.5162241887905605,3.24,836282.42,276248.8587,3.424,2016-06-23,2016-06-27,0,0,4475,False,-0.5253256150506513,False,10,corporate_action_unadjusted_price_discontinuity,High,unadjusted_price_discontinuity_ex_rights_or_corporate_action; nearest/event trading date 2016-06-24 differs from label date 2016-06-22
2016-08-18,600856,600856.SH,退市中天(退),-0.5023131239347455,0.5023131239347455,1994-04-25,2022-06-22,8151.0,,主板,SSE,退市,600856.SH.csv,True,True,1994-04-25,2016-08-18,19.85,0.0,2016-08-22,600856.SH,10.08,10.29,9.87,9.95,9.98,19.95,-0.49974937343358394,-0.3,-0.5012531328320802,0.3,82794.6,83248.251,2.1476,2016-08-19,2016-08-23,0,0,5095,False,-0.49874055415617136,True,10,corporate_action_unadjusted_price_discontinuity,High,unadjusted_price_discontinuity_ex_rights_or_corporate_action; label_matches_local_raw_move; nearest/event trading date 2016-08-22 differs from label date 2016-08-18
2016-06-22,002460,002460.SZ,赣锋锂业,-0.50227840658533,0.50227840658533,2010-08-10,,2143.0,,主板,SZSE,上市,002460.SZ.csv,True,True,2010-08-10,2016-06-22,68.99,0.67,2016-06-24,002460.SZ,33.4,33.99,30.8,32.2,33.36,66.86,-0.5010469638049656,-3.48,-0.5183966497158241,3.48,477296.06,1565467.4637,9.3885,2016-06-23,2016-06-27,0,0,1338,False,-0.5332656906798086,False,10,corporate_action_unadjusted_price_discontinuity,High,unadjusted_price_discontinuity_ex_rights_or_corporate_action; nearest/event trading date 2016-06-24 differs from label date 2016-06-22
2017-06-01,002089,002089.SZ,新海退(退),-0.5022717885171417,0.5022717885171417,2006-11-30,2024-04-18,3836.0,,主板,SZSE,退市,002089.SZ.csv,True,True,2006-11-30,2017-06-01,12.37,-0.64,2017-06-05,002089.SZ,6.0,6.11,5.91,5.91,6.06,12.17,-0.5020542317173378,-2.48,-0.514379622021364,2.48,93323.88,56039.068,1.0006,2017-06-02,2017-06-06,0,0,2337,False,-0.5222312045270816,True,10,corporate_action_unadjusted_price_discontinuity,High,unadjusted_price_discontinuity_ex_rights_or_corporate_action; label_matches_local_raw_move; nearest/event trading date 2017-06-05 differs from label date 2017-06-01
2017-09-25,002517,002517.SZ,恺英网络,-0.5020424836601308,0.5020424836601308,2010-12-07,,2484.0,,主板,SZSE,上市,002517.SZ.csv,True,True,2010-12-07,2017-09-25,36.9,0.0,2017-09-27,002517.SZ,18.4,18.59,18.06,18.3,18.23,36.55,-0.5012311901504787,0.38,-0.4993160054719562,0.38,135394.84,247755.985,2.6994,2017-09-26,2017-09-28,0,0,1416,False,-0.5040650406504065,True,10,corporate_action_unadjusted_price_discontinuity,High,unadjusted_price_discontinuity_ex_rights_or_corporate_action; label_matches_local_raw_move; nearest/event trading date 2017-09-27 differs from label date 2017-09-25
2016-06-01,300452,300452.SZ,山河药辅,-0.5019793776468422,0.5019793776468422,2015-05-15,,383.0,,创业板,SZSE,上市,300452.SZ.csv,True,True,2015-05-15,2016-06-01,108.18,0.26,2016-06-03,300452.SZ,55.62,57.43,53.88,53.98,54.9,110.0,-0.500909090909091,-1.68,-0.5092727272727273,1.68,28620.72,158024.3543,7.0796,2016-06-02,2016-06-06,0,0,259,False,-0.501016823812165,True,10,corporate_action_unadjusted_price_discontinuity,High,unadjusted_price_discontinuity_ex_rights_or_corporate_action; label_matches_local_raw_move; nearest/event trading date 2016-06-03 differs from label date 2016-06-01
2016-06-21,300003,300003.SZ,乐普医疗,-0.5019331676332506,0.5019331676332506,2009-10-30,,2426.0,,创业板,SZSE,上市,300003.SZ.csv,True,True,2009-10-30,2016-06-21,36.2,-0.19,2016-06-23,300003.SZ,18.1,18.28,17.46,17.51,18.07,36.3,-0.5022038567493112,-3.1,-0.5176308539944903,3.1,59063.65,104701.9861,0.4305,2016-06-22,2016-06-24,0,0,1501,False,-0.5162983425414365,True,10,corporate_action_unadjusted_price_discontinuity,High,unadjusted_price_discontinuity_ex_rights_or_corporate_action; label_matches_local_raw_move; nearest/event trading date 2016-06-23 differs from label date 2016-06-21
2016-05-09,002348,002348.SZ,高乐股份,-0.5017985611510791,0.5017985611510791,2010-02-03,,2287.0,,主板,SZSE,上市,002348.SZ.csv,True,True,2010-02-03,2016-05-09,13.7,-7.43,2016-05-11,002348.SZ,7.07,7.33,6.3,6.96,6.95,13.94,-0.5014347202295553,0.14,-0.5007173601147776,0.14,415422.32,281745.1022,5.6051,2016-05-10,2016-05-12,0,0,1430,False,-0.49197080291970796,True,10,corporate_action_unadjusted_price_discontinuity,High,unadjusted_price_discontinuity_ex_rights_or_corporate_action; label_matches_local_raw_move; nearest/event trading date 2016-05-11 differs from label date 2016-05-09
2020-08-24,300865,300865.SZ,大宏立,0.5017951264227328,0.5017951264227328,2020-08-24,,0.0,,创业板,SZSE,上市,300865.SZ.csv,True,True,2020-08-24,2020-08-24,66.0,226.7327,2020-08-25,300865.SZ,72.0,90.0,62.78,84.0,66.0,66.0,0.0,27.2727,0.2727272727272727,27.2727,164951.08,1221257.132,72.7167,2020-08-24,2020-08-26,0,0,1,False,0.2727272727272727,False,10,new_listing_first_days,Medium,new_listing_first_days; single_day_raw_price_jump_20_to_50pct; nearest/event trading date 2020-08-25 differs from label date 2020-08-24
2018-04-09,002745,002745.SZ,木林森,-0.5015765502744367,0.5015765502744367,2015-02-17,,1147.0,,主板,SZSE,上市,002745.SZ.csv,True,True,2015-02-17,2018-04-09,42.89,-1.36,2018-04-11,002745.SZ,21.87,21.87,20.0,21.31,21.67,43.59,-0.5028676301904107,-1.66,-0.5111264051387934,1.66,92219.18,195957.718,1.7739,2018-04-10,2018-04-12,0,0,554,False,-0.5031475868500817,True,10,corporate_action_unadjusted_price_discontinuity,High,unadjusted_price_discontinuity_ex_rights_or_corporate_action; label_matches_local_raw_move; nearest/event trading date 2018-04-11 differs from label date 2018-04-09
2017-06-01,002149,002149.SZ,西部材料,-0.5015666965085055,0.5015666965085055,2007-08-10,,3583.0,,主板,SZSE,上市,002149.SZ.csv,True,True,2007-08-10,2017-06-01,22.7,-4.38,2017-06-05,002149.SZ,11.03,11.6,11.03,11.52,11.33,22.65,-0.4997792494481236,1.68,-0.4913907284768212,1.68,32208.62,36372.577,0.9222,2017-06-02,2017-06-06,0,0,2194,False,-0.492511013215859,True,10,corporate_action_unadjusted_price_discontinuity,High,unadjusted_price_discontinuity_ex_rights_or_corporate_action; label_matches_local_raw_move; nearest/event trading date 2017-06-05 differs from label date 2017-06-01
2016-06-15,000758,000758.SZ,中色股份,-0.5015403573629086,0.5015403573629086,1997-04-16,,7000.0,,主板,SZSE,上市,000758.SZ.csv,True,True,1997-04-16,2016-06-15,16.29,5.78,2016-06-17,000758.SZ,8.12,8.89,8.01,8.37,8.08,16.2,-0.5012345679012346,3.59,-0.4833333333333334,3.59,1784098.55,1526711.0085,9.8953,2016-06-16,2016-06-20,0,0,4520,False,-0.4861878453038674,True,10,corporate_action_unadjusted_price_discontinuity,High,unadjusted_price_discontinuity_ex_rights_or_corporate_action; label_matches_local_raw_move; nearest/event trading date 2016-06-17 differs from label date 2016-06-15
2016-10-19,002118,002118.SZ,*ST紫鑫(退),-0.5014907573047118,0.5014907573047118,2007-03-02,2023-08-04,3519.0,,主板,SZSE,退市,002118.SZ.csv,True,True,2007-03-02,2016-10-19,16.64,2.15,2016-10-21,002118.SZ,8.36,8.45,8.01,8.22,8.34,16.68,-0.5,-1.44,-0.5071942446043165,1.44,158970.08,130756.3519,1.5503,2016-10-20,2016-10-24,0,0,2271,False,-0.5060096153846154,True,10,corporate_action_unadjusted_price_discontinuity,High,unadjusted_price_discontinuity_ex_rights_or_corporate_action; label_matches_local_raw_move; nearest/event trading date 2016-10-21 differs from label date 2016-10-19
2016-05-27,002588,002588.SZ,史丹利,-0.501449875724938,0.501449875724938,2011-06-10,,1813.0,,主板,SZSE,上市,002588.SZ.csv,True,True,2011-06-10,2016-05-27,24.38,-0.93,2016-05-31,002588.SZ,12.0,12.32,11.95,12.31,11.95,24.09,-0.5039435450394355,3.01,-0.48899958488999584,3.01,94379.84,115144.3462,1.3264,2016-05-30,2016-06-01,0,0,1201,False,-0.49507793273174727,True,10,corporate_action_unadjusted_price_discontinuity,High,unadjusted_price_discontinuity_ex_rights_or_corporate_action; label_matches_local_raw_move; nearest/event trading date 2016-05-31 differs from label date 2016-05-27
2016-09-09,002502,002502.SZ,ST鼎龙(退),-0.5012848751835535,0.5012848751835535,2010-11-17,2024-09-05,2123.0,,主板,SZSE,退市,002502.SZ.csv,True,True,2010-11-17,2016-09-09,27.72,0.14,2016-09-13,002502.SZ,13.42,13.92,13.41,13.84,13.41,26.82,-0.5,3.21,-0.4839671886651753,3.21,89393.96,122097.2408,2.1985,2016-09-12,2016-09-14,0,0,1203,False,-0.5007215007215007,True,10,corporate_action_unadjusted_price_discontinuity,High,unadjusted_price_discontinuity_ex_rights_or_corporate_action; label_matches_local_raw_move; nearest/event trading date 2016-09-13 differs from label date 2016-09-09
2018-05-24,300478,300478.SZ,杭州高新,-0.5012057877813516,0.5012057877813516,2015-06-10,,1079.0,,创业板,SZSE,上市,300478.SZ.csv,True,True,2015-06-10,2018-05-24,37.41,-1.55,2018-05-28,300478.SZ,19.0,19.54,17.63,18.8,19.58,37.36,-0.47591006423982873,-3.98,-0.49678800856531047,3.98,6826.9,12812.226,1.5183,2018-05-25,2018-05-29,0,0,627,False,-0.4974605720395615,True,10,corporate_action_unadjusted_price_discontinuity,High,unadjusted_price_discontinuity_ex_rights_or_corporate_action; label_matches_local_raw_move; nearest/event trading date 2018-05-28 differs from label date 2018-05-24
2017-05-24,002582,002582.SZ,好想你,-0.5011208477684943,0.5011208477684943,2011-05-20,,2196.0,,主板,SZSE,上市,002582.SZ.csv,True,True,2011-05-20,2017-05-24,24.63,-0.32,2017-05-26,002582.SZ,12.55,12.55,12.0,12.08,12.37,24.8,-0.5012096774193548,-2.34,-0.5129032258064516,2.34,44404.62,54386.483,2.173,2017-05-25,2017-05-31,0,0,1327,False,-0.5095412099066179,True,10,corporate_action_unadjusted_price_discontinuity,High,unadjusted_price_discontinuity_ex_rights_or_corporate_action; label_matches_local_raw_move; nearest/event trading date 2017-05-26 differs from label date 2017-05-24
2017-06-22,000797,000797.SZ,中国武夷,-0.5010845986984815,0.5010845986984815,1997-07-15,,7282.0,,主板,SZSE,上市,000797.SZ.csv,True,True,1997-07-15,2017-06-22,18.45,-1.91,2017-06-26,000797.SZ,9.1,9.42,9.07,9.25,9.22,18.54,-0.5026968716289104,0.33,-0.5010787486515642,0.33,64535.04,59726.721,0.7536,2017-06-23,2017-06-27,0,0,4733,False,-0.49864498644986444,True,10,corporate_action_unadjusted_price_discontinuity,High,unadjusted_price_discontinuity_ex_rights_or_corporate_action; label_matches_local_raw_move; nearest/event trading date 2017-06-26 differs from label date 2017-06-22
2016-04-22,300485,300485.SZ,赛升药业,-0.5010670504739688,0.5010670504739688,2015-06-26,,301.0,,创业板,SZSE,上市,300485.SZ.csv,True,True,2015-06-26,2016-04-22,103.12,2.55,2016-04-26,300485.SZ,49.81,50.68,47.8,49.35,50.22,100.8,-0.5017857142857143,-1.73,-0.5104166666666666,1.73,28079.8,137144.7813,4.68,2016-04-25,2016-04-27,0,0,203,False,-0.5214313421256789,False,10,corporate_action_unadjusted_price_discontinuity,High,unadjusted_price_discontinuity_ex_rights_or_corporate_action; nearest/event trading date 2016-04-26 differs from label date 2016-04-22
2016-04-27,300256,300256.SZ,星星科技,-0.5010318734235267,0.5010318734235267,2011-08-19,,1713.0,,创业板,SZSE,上市,300256.SZ.csv,True,True,2011-08-19,2016-04-27,22.07,-2.13,2016-04-29,300256.SZ,10.8,11.12,10.68,10.75,10.95,21.89,-0.4997715851987209,-1.83,-0.5089081772498858,1.83,70556.59,76720.1566,2.4008,2016-04-28,2016-05-03,0,0,996,False,-0.5129134571816947,True,10,corporate_action_unadjusted_price_discontinuity,High,unadjusted_price_discontinuity_ex_rights_or_corporate_action; label_matches_local_raw_move; nearest/event trading date 2016-04-29 differs from label date 2016-04-27
2016-05-27,000902,000902.SZ,新洋丰,-0.5010042401249721,0.5010042401249721,1999-04-08,,6259.0,,主板,SZSE,上市,000902.SZ.csv,True,True,1999-04-08,2016-05-27,22.49,0.04,2016-05-31,000902.SZ,11.06,11.52,11.0,11.46,11.08,22.46,-0.5066785396260018,3.43,-0.4897595725734639,3.43,121420.82,137457.9568,1.9795,2016-05-30,2016-06-01,0,0,3922,False,-0.49044019564250774,True,10,corporate_action_unadjusted_price_discontinuity,High,unadjusted_price_discontinuity_ex_rights_or_corporate_action; label_matches_local_raw_move; nearest/event trading date 2016-05-31 differs from label date 2016-05-27
2017-06-14,603798,603798.SH,康普顿,-0.5009229736532973,0.5009229736532973,2016-04-06,,434.0,,主板,SSE,上市,603798.SH.csv,True,True,2016-04-06,2017-06-14,59.64,-1.0,2017-06-16,603798.SH,30.03,30.03,29.04,29.39,29.71,59.92,-0.5041722296395194,-1.08,-0.5095126835781041,1.08,10079.88,29634.976,2.3606,2017-06-15,2017-06-19,0,0,290,False,-0.5072099262240107,True,10,corporate_action_unadjusted_price_discontinuity,High,unadjusted_price_discontinuity_ex_rights_or_corporate_action; label_matches_local_raw_move; nearest/event trading date 2017-06-16 differs from label date 2017-06-14
2016-05-31,002450,002450.SZ,康得退(退),-0.5009044317154048,0.5009044317154048,2010-07-16,2021-05-31,2146.0,,主板,SZSE,退市,002450.SZ.csv,True,True,2010-07-16,2016-05-31,32.98,3.74,2016-06-02,002450.SZ,16.57,17.05,16.4,16.84,16.6,33.26,-0.5009019843656042,1.45,-0.4936861094407696,1.45,500197.64,840809.0289,1.7456,2016-06-01,2016-06-03,0,0,1345,False,-0.48938750758035166,True,10,corporate_action_unadjusted_price_discontinuity,High,unadjusted_price_discontinuity_ex_rights_or_corporate_action; label_matches_local_raw_move; nearest/event trading date 2016-06-02 differs from label date 2016-05-31
2018-04-02,002341,002341.SZ,ST新纶(退),-0.5007598784194529,0.5007598784194529,2010-01-22,2024-08-23,2992.0,,主板,SZSE,退市,002341.SZ.csv,True,True,2010-01-22,2018-04-02,26.6,0.19,2018-04-04,002341.SZ,13.13,14.34,12.97,13.27,13.04,26.11,-0.5005744925315971,1.76,-0.49176560704710837,1.76,232265.26,317295.267,3.7698,2018-04-03,2018-04-09,0,0,1801,False,-0.5011278195488722,True,10,corporate_action_unadjusted_price_discontinuity,High,unadjusted_price_discontinuity_ex_rights_or_corporate_action; label_matches_local_raw_move; nearest/event trading date 2018-04-04 differs from label date 2018-04-02
2016-05-25,002748,002748.SZ,世龙实业,-0.5007392804337112,0.5007392804337112,2015-03-19,,433.0,,主板,SZSE,上市,002748.SZ.csv,True,True,2015-03-19,2016-05-25,30.5,0.16,2016-05-27,002748.SZ,15.23,15.23,14.78,14.78,15.23,30.54,-0.5013097576948264,-2.95,-0.5160445317616241,2.95,37610.19,56106.1107,3.2567,2016-05-26,2016-05-30,0,0,293,False,-0.5154098360655738,True,10,corporate_action_unadjusted_price_discontinuity,High,unadjusted_price_discontinuity_ex_rights_or_corporate_action; label_matches_local_raw_move; nearest/event trading date 2016-05-27 differs from label date 2016-05-25
2016-05-24,603456,603456.SH,九洲药业,-0.5006936095440675,0.5006936095440675,2014-10-10,,592.0,,主板,SSE,上市,603456.SH.csv,True,True,2014-10-10,2016-05-24,53.47,-1.69,2016-05-26,603456.SH,26.58,27.21,25.83,27.13,26.58,53.46,-0.5028058361391695,2.07,-0.4925177702955481,2.07,6786.52,18035.187,1.1733,2016-05-25,2016-05-27,0,0,384,False,-0.4926126800074808,True,10,corporate_action_unadjusted_price_discontinuity,High,unadjusted_price_discontinuity_ex_rights_or_corporate_action; label_matches_local_raw_move; nearest/event trading date 2016-05-26 differs from label date 2016-05-24
2017-04-14,300116,300116.SZ,*ST保力(退),-0.5006925207756231,0.5006925207756231,2010-09-02,2024-07-25,2416.0,,创业板,SZSE,退市,300116.SZ.csv,True,True,2010-09-02,2017-04-14,22.26,0.23,2017-04-18,300116.SZ,10.89,11.08,9.86,10.29,10.95,21.9,-0.5,-6.03,-0.5301369863013699,6.03,257024.0,266343.426,3.8028,2017-04-17,2017-04-19,0,0,1391,False,-0.5377358490566038,False,10,corporate_action_unadjusted_price_discontinuity,High,unadjusted_price_discontinuity_ex_rights_or_corporate_action; nearest/event trading date 2017-04-18 differs from label date 2017-04-14
2016-07-04,601992,601992.SH,金隅集团,-0.500623441396508,0.500623441396508,2011-03-01,,1952.0,,主板,SSE,上市,601992.SH.csv,True,True,2011-03-01,2016-07-04,7.93,2.45,2016-07-06,601992.SH,3.97,4.35,3.95,4.13,3.96,7.94,-0.5012594458438288,4.29,-0.4798488664987406,4.29,390052.34,162855.14,1.2535,2016-07-05,2016-07-07,0,0,1275,False,-0.4791929382093316,False,10,corporate_action_unadjusted_price_discontinuity,High,unadjusted_price_discontinuity_ex_rights_or_corporate_action; nearest/event trading date 2016-07-06 differs from label date 2016-07-04
2018-06-22,300581,300581.SZ,晨曦航空,-0.5004474673348868,0.5004474673348868,2016-12-20,,549.0,,创业板,SZSE,上市,300581.SZ.csv,True,True,2016-12-20,2018-06-22,27.71,2.93,2018-06-26,300581.SZ,13.74,14.67,13.71,14.08,14.13,26.85,-0.4737430167597765,-0.35,-0.4756052141527002,0.35,23341.81,33060.072,3.9125,2018-06-25,2018-06-27,0,0,368,False,-0.4918801876578852,True,10,corporate_action_unadjusted_price_discontinuity,High,unadjusted_price_discontinuity_ex_rights_or_corporate_action; label_matches_local_raw_move; nearest/event trading date 2018-06-26 differs from label date 2018-06-22
2016-04-01,000563,000563.SZ,陕国投Ａ,-0.5003511235955057,0.5003511235955057,1994-01-10,,8117.0,,主板,SZSE,上市,000563.SZ.csv,True,True,1994-01-10,2016-04-01,13.99,-2.1,2016-04-06,000563.SZ,7.01,7.49,6.9,7.22,7.15,14.32,-0.5006983240223464,0.98,-0.49581005586592186,0.98,1220434.04,887528.6171,5.0237,2016-04-05,2016-04-07,0,0,5266,False,-0.48391708363116515,True,10,corporate_action_unadjusted_price_discontinuity,High,unadjusted_price_discontinuity_ex_rights_or_corporate_action; label_matches_local_raw_move; nearest/event trading date 2016-04-06 differs from label date 2016-04-01
2019-04-29,300645,300645.SZ,正元智慧,-0.5002252590479056,0.5002252590479056,2017-04-21,,738.0,,创业板,SZSE,上市,300645.SZ.csv,True,True,2017-04-21,2019-04-29,33.13,-7.8186,2019-05-06,300645.SZ,16.29,16.99,15.61,15.61,17.34,33.1,-0.4761329305135952,-9.9769,-0.5283987915407855,9.9769,36607.78,58629.266,4.2421,2019-04-30,2019-05-07,0,0,495,False,-0.5288258376094175,False,10,corporate_action_unadjusted_price_discontinuity,High,unadjusted_price_discontinuity_ex_rights_or_corporate_action; nearest/event trading date 2019-05-06 differs from label date 2019-04-29
2016-03-31,300324,300324.SZ,旋极信息,-0.5001051303616485,0.5001051303616485,2012-06-08,,1392.0,,创业板,SZSE,上市,300324.SZ.csv,True,True,2012-06-08,2016-03-31,48.6,8.55,2016-04-05,300324.SZ,23.04,24.25,23.04,23.19,23.04,46.13,-0.5005419466724474,0.65,-0.4972902666377629,0.65,241397.79,566818.2883,4.3446,2016-04-01,2016-04-06,0,0,720,False,-0.5228395061728395,False,10,corporate_action_unadjusted_price_discontinuity,High,unadjusted_price_discontinuity_ex_rights_or_corporate_action; nearest/event trading date 2016-04-05 differs from label date 2016-03-31
2017-05-10,002765,002765.SZ,蓝黛科技,-0.5000950389659763,0.5000950389659763,2015-06-12,,698.0,,主板,SZSE,上市,002765.SZ.csv,True,True,2015-06-12,2017-05-10,26.38,-1.35,2017-05-12,002765.SZ,12.98,13.25,12.02,12.25,13.0,26.09,-0.5017247987734764,-5.77,-0.5304714449980836,5.77,30930.02,39192.633,2.1588,2017-05-11,2017-05-15,0,0,466,False,-0.5356330553449583,False,10,corporate_action_unadjusted_price_discontinuity,High,unadjusted_price_discontinuity_ex_rights_or_corporate_action; nearest/event trading date 2017-05-12 differs from label date 2017-05-10
2017-06-05,000070,000070.SZ,特发信息,-0.5000000000000001,0.5000000000000001,2000-05-11,,6234.0,,主板,SZSE,上市,000070.SZ.csv,True,True,2000-05-11,2017-06-05,22.2,0.91,2017-06-07,000070.SZ,11.1,11.38,10.88,11.19,11.05,22.18,-0.5018034265103697,1.27,-0.4954914337240758,1.27,52751.78,58843.513,0.9735,2017-06-06,2017-06-08,0,0,3882,False,-0.495945945945946,True,10,corporate_action_unadjusted_price_discontinuity,High,unadjusted_price_discontinuity_ex_rights_or_corporate_action; label_matches_local_raw_move; nearest/event trading date 2017-06-07 differs from label date 2017-06-05
